,Area,ISO 3 code,Year,Area type,Continent,Ember region,EU,OECD,G20,G7,ASEAN,Category,Subcategory,Variable,Unit,Value,YoY absolute change,YoY % change
85174,Czechia,CZE,2015,Country or economy,Europe,Europe,1.0,1.0,0.0,0.0,0.0,Capacity,Aggregate fuel,Clean,GW,8.49,0.04,0.47
85175,Czechia,CZE,2015,Country or economy,Europe,Europe,1.0,1.0,0.0,0.0,0.0,Capacity,Aggregate fuel,Fossil,GW,10.16,0.01,0.1
85176,Czechia,CZE,2015,Country or economy,Europe,Europe,1.0,1.0,0.0,0.0,0.0,Capacity,Aggregate fuel,Gas and Other Fossil,GW,1.73,0.01,0.58
85177,Czechia,CZE,2015,Country or economy,Europe,Europe,1.0,1.0,0.0,0.0,0.0,Capacity,Aggregate fuel,"Hydro, Bioenergy and Other Renewables",GW,1.86,0.04,2.2
85178,Czechia,CZE,2015,Country or economy,Europe,Europe,1.0,1.0,0.0,0.0,0.0,Capacity,Aggregate fuel,Renewables,GW,4.2,0.04,0.96
85179,Czechia,CZE,2015,Country or economy,Europe,Europe,1.0,1.0,0.0,0.0,0.0,Capacity,Aggregate fuel,Wind and Solar,GW,2.34,0.0,0.0
85180,Czechia,CZE,2015,Country or economy,Europe,Europe,1.0,1.0,0.0,0.0,0.0,Capacity,Fuel,Bioenergy,GW,0.75,0.03,4.17
85181,Czechia,CZE,2015,Country or economy,Europe,Europe,1.0,1.0,0.0,0.0,0.0,Capacity,Fuel,Coal,GW,8.43,0.0,0.0
85182,Czechia,CZE,2015,Country or economy,Europe,Europe,1.0,1.0,0.0,0.0,0.0,Capacity,Fuel,Gas,GW,1.7,0.0,0.0
85183,Czechia,CZE,2015,Country or economy,Europe,Europe,1.0,1.0,0.0,0.0,0.0,Capacity,Fuel,Hydro,GW,1.09,0.01,0.93
85184,Czechia,CZE,2015,Country or economy,Europe,Europe,1.0,1.0,0.0,0.0,0.0,Capacity,Fuel,Nuclear,GW,4.29,0.0,0.0
85185,Czechia,CZE,2015,Country or economy,Europe,Europe,1.0,1.0,0.0,0.0,0.0,Capacity,Fuel,Other Fossil,GW,0.03,0.01,50.0
85186,Czechia,CZE,2015,Country or economy,Europe,Europe,1.0,1.0,0.0,0.0,0.0,Capacity,Fuel,Other Renewables,GW,0.02,0.0,0.0
85187,Czechia,CZE,2015,Country or economy,Europe,Europe,1.0,1.0,0.0,0.0,0.0,Capacity,Fuel,Solar,GW,2.06,0.0,0.0
85188,Czechia,CZE,2015,Country or economy,Europe,Europe,1.0,1.0,0.0,0.0,0.0,Capacity,Fuel,Wind,GW,0.28,0.0,0.0
85189,Czechia,CZE,2015,Country or economy,Europe,Europe,1.0,1.0,0.0,0.0,0.0,Electricity demand,Demand,Demand,TWh,69.98,1.3,1.89
85190,Czechia,CZE,2015,Country or economy,Europe,Europe,1.0,1.0,0.0,0.0,0.0,Electricity demand,Demand per capita,Demand per capita,MWh,6.65,0.12,1.84
85191,Czechia,CZE,2015,Country or economy,Europe,Europe,1.0,1.0,0.0,0.0,0.0,Electricity generation,Aggregate fuel,Clean,%,43.95,,
85192,Czechia,CZE,2015,Country or economy,Europe,Europe,1.0,1.0,0.0,0.0,0.0,Electricity generation,Aggregate fuel,Fossil,%,56.05,,
85193,Czechia,CZE,2015,Country or economy,Europe,Europe,1.0,1.0,0.0,0.0,0.0,Electricity generation,Aggregate fuel,Gas and Other Fossil,%,6.18,,
85194,Czechia,CZE,2015,Country or economy,Europe,Europe,1.0,1.0,0.0,0.0,0.0,Electricity generation,Aggregate fuel,"Hydro, Bioenergy and Other Renewables",%,7.98,,
85195,Czechia,CZE,2015,Country or economy,Europe,Europe,1.0,1.0,0.0,0.0,0.0,Electricity generation,Aggregate fuel,Renewables,%,11.41,,
85196,Czechia,CZE,2015,Country or economy,Europe,Europe,1.0,1.0,0.0,0.0,0.0,Electricity generation,Aggregate fuel,Wind and Solar,%,3.43,,
85197,Czechia,CZE,2015,Country or economy,Europe,Europe,1.0,1.0,0.0,0.0,0.0,Electricity generation,Aggregate fuel,Clean,TWh,36.25,-3.25,-8.23
85198,Czechia,CZE,2015,Country or economy,Europe,Europe,1.0,1.0,0.0,0.0,0.0,Electricity generation,Aggregate fuel,Fossil,TWh,46.24,0.76,1.67
85199,Czechia,CZE,2015,Country or economy,Europe,Europe,1.0,1.0,0.0,0.0,0.0,Electricity generation,Aggregate fuel,Gas and Other Fossil,TWh,5.1,0.35,7.37
85200,Czechia,CZE,2015,Country or economy,Europe,Europe,1.0,1.0,0.0,0.0,0.0,Electricity generation,Aggregate fuel,"Hydro, Bioenergy and Other Renewables",TWh,6.58,0.01,0.15
85201,Czechia,CZE,2015,Country or economy,Europe,Europe,1.0,1.0,0.0,0.0,0.0,Electricity generation,Aggregate fuel,Renewables,TWh,9.41,0.24,2.62
85202,Czechia,CZE,2015,Country or economy,Europe,Europe,1.0,1.0,0.0,0.0,0.0,Electricity generation,Aggregate fuel,Wind and Solar,TWh,2.83,0.23,8.85
85203,Czechia,CZE,2015,Country or economy,Europe,Europe,1.0,1.0,0.0,0.0,0.0,Electricity generation,Fuel,Bioenergy,%,5.81,,
85204,Czechia,CZE,2015,Country or economy,Europe,Europe,1.0,1.0,0.0,0.0,0.0,Electricity generation,Fuel,Coal,%,49.87,,
85205,Czechia,CZE,2015,Country or economy,Europe,Europe,1.0,1.0,0.0,0.0,0.0,Electricity generation,Fuel,Gas,%,2.76,,
85206,Czechia,CZE,2015,Country or economy,Europe,Europe,1.0,1.0,0.0,0.0,0.0,Electricity generation,Fuel,Hydro,%,2.17,,
85207,Czechia,CZE,2015,Country or economy,Europe,Europe,1.0,1.0,0.0,0.0,0.0,Electricity generation,Fuel,Nuclear,%,32.54,,
85208,Czechia,CZE,2015,Country or economy,Europe,Europe,1.0,1.0,0.0,0.0,0.0,Electricity generation,Fuel,Other Fossil,%,3.42,,
85209,Czechia,CZE,2015,Country or economy,Europe,Europe,1.0,1.0,0.0,0.0,0.0,Electricity generation,Fuel,Other Renewables,%,0.0,,
85210,Czechia,CZE,2015,Country or economy,Europe,Europe,1.0,1.0,0.0,0.0,0.0,Electricity generation,Fuel,Solar,%,2.74,,
85211,Czechia,CZE,2015,Country or economy,Europe,Europe,1.0,1.0,0.0,0.0,0.0,Electricity generation,Fuel,Wind,%,0.69,,
85212,Czechia,CZE,2015,Country or economy,Europe,Europe,1.0,1.0,0.0,0.0,0.0,Electricity generation,Fuel,Bioenergy,TWh,4.79,0.13,2.79
85213,Czechia,CZE,2015,Country or economy,Europe,Europe,1.0,1.0,0.0,0.0,0.0,Electricity generation,Fuel,Coal,TWh,41.14,0.41,1.01
85214,Czechia,CZE,2015,Country or economy,Europe,Europe,1.0,1.0,0.0,0.0,0.0,Electricity generation,Fuel,Gas,TWh,2.28,0.46,25.27
85215,Czechia,CZE,2015,Country or economy,Europe,Europe,1.0,1.0,0.0,0.0,0.0,Electricity generation,Fuel,Hydro,TWh,1.79,-0.12,-6.28
85216,Czechia,CZE,2015,Country or economy,Europe,Europe,1.0,1.0,0.0,0.0,0.0,Electricity generation,Fuel,Nuclear,TWh,26.84,-3.49,-11.51
85217,Czechia,CZE,2015,Country or economy,Europe,Europe,1.0,1.0,0.0,0.0,0.0,Electricity generation,Fuel,Other Fossil,TWh,2.82,-0.11,-3.75
85218,Czechia,CZE,2015,Country or economy,Europe,Europe,1.0,1.0,0.0,0.0,0.0,Electricity generation,Fuel,Other Renewables,TWh,0.0,0.0,
85219,Czechia,CZE,2015,Country or economy,Europe,Europe,1.0,1.0,0.0,0.0,0.0,Electricity generation,Fuel,Solar,TWh,2.26,0.14,6.6
85220,Czechia,CZE,2015,Country or economy,Europe,Europe,1.0,1.0,0.0,0.0,0.0,Electricity generation,Fuel,Wind,TWh,0.57,0.09,18.75
85221,Czechia,CZE,2015,Country or economy,Europe,Europe,1.0,1.0,0.0,0.0,0.0,Electricity generation,Total,Total Generation,TWh,82.49,-2.49,-2.93
85222,Czechia,CZE,2015,Country or economy,Europe,Europe,1.0,1.0,0.0,0.0,0.0,Electricity imports,Electricity imports,Net Imports,TWh,-12.51,3.79,
85223,Czechia,CZE,2015,Country or economy,Europe,Europe,1.0,1.0,0.0,0.0,0.0,Power sector emissions,Aggregate fuel,Clean,mtCO2,1.33,0.01,0.76
85224,Czechia,CZE,2015,Country or economy,Europe,Europe,1.0,1.0,0.0,0.0,0.0,Power sector emissions,Aggregate fuel,Fossil,mtCO2,44.3,0.51,1.16
85225,Czechia,CZE,2015,Country or economy,Europe,Europe,1.0,1.0,0.0,0.0,0.0,Power sector emissions,Aggregate fuel,Gas and Other Fossil,mtCO2,2.83,0.13,4.81
85226,Czechia,CZE,2015,Country or economy,Europe,Europe,1.0,1.0,0.0,0.0,0.0,Power sector emissions,Aggregate fuel,"Hydro, Bioenergy and Other Renewables",mtCO2,1.08,0.02,1.89
85227,Czechia,CZE,2015,Country or economy,Europe,Europe,1.0,1.0,0.0,0.0,0.0,Power sector emissions,Aggregate fuel,Renewables,mtCO2,1.2,0.03,2.56
85228,Czechia,CZE,2015,Country or economy,Europe,Europe,1.0,1.0,0.0,0.0,0.0,Power sector emissions,Aggregate fuel,Wind and Solar,mtCO2,0.12,0.01,9.09
85229,Czechia,CZE,2015,Country or economy,Europe,Europe,1.0,1.0,0.0,0.0,0.0,Power sector emissions,CO2 intensity,CO2 intensity,gCO2/kWh,553.16,22.33,4.21
85230,Czechia,CZE,2015,Country or economy,Europe,Europe,1.0,1.0,0.0,0.0,0.0,Power sector emissions,Fuel,Bioenergy,mtCO2,1.04,0.03,2.97
85231,Czechia,CZE,2015,Country or economy,Europe,Europe,1.0,1.0,0.0,0.0,0.0,Power sector emissions,Fuel,Coal,mtCO2,41.47,0.38,0.92
85232,Czechia,CZE,2015,Country or economy,Europe,Europe,1.0,1.0,0.0,0.0,0.0,Power sector emissions,Fuel,Gas,mtCO2,0.97,0.2,25.97
85233,Czechia,CZE,2015,Country or economy,Europe,Europe,1.0,1.0,0.0,0.0,0.0,Power sector emissions,Fuel,Hydro,mtCO2,0.04,-0.01,-20.0
85234,Czechia,CZE,2015,Country or economy,Europe,Europe,1.0,1.0,0.0,0.0,0.0,Power sector emissions,Fuel,Nuclear,mtCO2,0.13,-0.02,-13.33
85235,Czechia,CZE,2015,Country or economy,Europe,Europe,1.0,1.0,0.0,0.0,0.0,Power sector emissions,Fuel,Other Fossil,mtCO2,1.86,-0.07,-3.63
85236,Czechia,CZE,2015,Country or economy,Europe,Europe,1.0,1.0,0.0,0.0,0.0,Power sector emissions,Fuel,Other Renewables,mtCO2,0.0,0.0,
85237,Czechia,CZE,2015,Country or economy,Europe,Europe,1.0,1.0,0.0,0.0,0.0,Power sector emissions,Fuel,Solar,mtCO2,0.11,0.01,10.0
85238,Czechia,CZE,2015,Country or economy,Europe,Europe,1.0,1.0,0.0,0.0,0.0,Power sector emissions,Fuel,Wind,mtCO2,0.01,0.0,0.0
85239,Czechia,CZE,2015,Country or economy,Europe,Europe,1.0,1.0,0.0,0.0,0.0,Power sector emissions,Total,Total emissions,mtCO2,45.63,0.52,1.15
85240,Czechia,CZE,2016,Country or economy,Europe,Europe,1.0,1.0,0.0,0.0,0.0,Capacity,Aggregate fuel,Clean,GW,8.49,0.0,0.0
85241,Czechia,CZE,2016,Country or economy,Europe,Europe,1.0,1.0,0.0,0.0,0.0,Capacity,Aggregate fuel,Fossil,GW,10.49,0.33,3.25
85242,Czechia,CZE,2016,Country or economy,Europe,Europe,1.0,1.0,0.0,0.0,0.0,Capacity,Aggregate fuel,Gas and Other Fossil,GW,1.73,0.0,0.0
85243,Czechia,CZE,2016,Country or economy,Europe,Europe,1.0,1.0,0.0,0.0,0.0,Capacity,Aggregate fuel,"Hydro, Bioenergy and Other Renewables",GW,1.86,0.0,0.0
85244,Czechia,CZE,2016,Country or economy,Europe,Europe,1.0,1.0,0.0,0.0,0.0,Capacity,Aggregate fuel,Renewables,GW,4.2,0.0,0.0
85245,Czechia,CZE,2016,Country or economy,Europe,Europe,1.0,1.0,0.0,0.0,0.0,Capacity,Aggregate fuel,Wind and Solar,GW,2.34,0.0,0.0
85246,Czechia,CZE,2016,Country or economy,Europe,Europe,1.0,1.0,0.0,0.0,0.0,Capacity,Fuel,Bioenergy,GW,0.74,-0.01,-1.33
85247,Czechia,CZE,2016,Country or economy,Europe,Europe,1.0,1.0,0.0,0.0,0.0,Capacity,Fuel,Coal,GW,8.76,0.33,3.91
85248,Czechia,CZE,2016,Country or economy,Europe,Europe,1.0,1.0,0.0,0.0,0.0,Capacity,Fuel,Gas,GW,1.7,0.0,0.0
85249,Czechia,CZE,2016,Country or economy,Europe,Europe,1.0,1.0,0.0,0.0,0.0,Capacity,Fuel,Hydro,GW,1.09,0.0,0.0
85250,Czechia,CZE,2016,Country or economy,Europe,Europe,1.0,1.0,0.0,0.0,0.0,Capacity,Fuel,Nuclear,GW,4.29,0.0,0.0
85251,Czechia,CZE,2016,Country or economy,Europe,Europe,1.0,1.0,0.0,0.0,0.0,Capacity,Fuel,Other Fossil,GW,0.03,0.0,0.0
85252,Czechia,CZE,2016,Country or economy,Europe,Europe,1.0,1.0,0.0,0.0,0.0,Capacity,Fuel,Other Renewables,GW,0.03,0.01,50.0
85253,Czechia,CZE,2016,Country or economy,Europe,Europe,1.0,1.0,0.0,0.0,0.0,Capacity,Fuel,Solar,GW,2.06,0.0,0.0
85254,Czechia,CZE,2016,Country or economy,Europe,Europe,1.0,1.0,0.0,0.0,0.0,Capacity,Fuel,Wind,GW,0.28,0.0,0.0
85255,Czechia,CZE,2016,Country or economy,Europe,Europe,1.0,1.0,0.0,0.0,0.0,Electricity demand,Demand,Demand,TWh,71.03,1.05,1.5
85256,Czechia,CZE,2016,Country or economy,Europe,Europe,1.0,1.0,0.0,0.0,0.0,Electricity demand,Demand per capita,Demand per capita,MWh,6.74,0.09,1.35
85257,Czechia,CZE,2016,Country or economy,Europe,Europe,1.0,1.0,0.0,0.0,0.0,Electricity generation,Aggregate fuel,Clean,%,40.84,,
85258,Czechia,CZE,2016,Country or economy,Europe,Europe,1.0,1.0,0.0,0.0,0.0,Electricity generation,Aggregate fuel,Fossil,%,59.16,,
85259,Czechia,CZE,2016,Country or economy,Europe,Europe,1.0,1.0,0.0,0.0,0.0,Electricity generation,Aggregate fuel,Gas and Other Fossil,%,7.98,,
85260,Czechia,CZE,2016,Country or economy,Europe,Europe,1.0,1.0,0.0,0.0,0.0,Electricity generation,Aggregate fuel,"Hydro, Bioenergy and Other Renewables",%,8.24,,
85261,Czechia,CZE,2016,Country or economy,Europe,Europe,1.0,1.0,0.0,0.0,0.0,Electricity generation,Aggregate fuel,Renewables,%,11.45,,
85262,Czechia,CZE,2016,Country or economy,Europe,Europe,1.0,1.0,0.0,0.0,0.0,Electricity generation,Aggregate fuel,Wind and Solar,%,3.21,,
85263,Czechia,CZE,2016,Country or economy,Europe,Europe,1.0,1.0,0.0,0.0,0.0,Electricity generation,Aggregate fuel,Clean,TWh,33.49,-2.76,-7.61
85264,Czechia,CZE,2016,Country or economy,Europe,Europe,1.0,1.0,0.0,0.0,0.0,Electricity generation,Aggregate fuel,Fossil,TWh,48.51,2.27,4.91
85265,Czechia,CZE,2016,Country or economy,Europe,Europe,1.0,1.0,0.0,0.0,0.0,Electricity generation,Aggregate fuel,Gas and Other Fossil,TWh,6.54,1.44,28.24
85266,Czechia,CZE,2016,Country or economy,Europe,Europe,1.0,1.0,0.0,0.0,0.0,Electricity generation,Aggregate fuel,"Hydro, Bioenergy and Other Renewables",TWh,6.76,0.18,2.74
85267,Czechia,CZE,2016,Country or economy,Europe,Europe,1.0,1.0,0.0,0.0,0.0,Electricity generation,Aggregate fuel,Renewables,TWh,9.39,-0.02,-0.21
85268,Czechia,CZE,2016,Country or economy,Europe,Europe,1.0,1.0,0.0,0.0,0.0,Electricity generation,Aggregate fuel,Wind and Solar,TWh,2.63,-0.2,-7.07
85269,Czechia,CZE,2016,Country or economy,Europe,Europe,1.0,1.0,0.0,0.0,0.0,Electricity generation,Fuel,Bioenergy,%,5.8,,
85270,Czechia,CZE,2016,Country or economy,Europe,Europe,1.0,1.0,0.0,0.0,0.0,Electricity generation,Fuel,Coal,%,51.18,,
85271,Czechia,CZE,2016,Country or economy,Europe,Europe,1.0,1.0,0.0,0.0,0.0,Electricity generation,Fuel,Gas,%,4.55,,
85272,Czechia,CZE,2016,Country or economy,Europe,Europe,1.0,1.0,0.0,0.0,0.0,Electricity generation,Fuel,Hydro,%,2.44,,
85273,Czechia,CZE,2016,Country or economy,Europe,Europe,1.0,1.0,0.0,0.0,0.0,Electricity generation,Fuel,Nuclear,%,29.39,,
85274,Czechia,CZE,2016,Country or economy,Europe,Europe,1.0,1.0,0.0,0.0,0.0,Electricity generation,Fuel,Other Fossil,%,3.43,,
85275,Czechia,CZE,2016,Country or economy,Europe,Europe,1.0,1.0,0.0,0.0,0.0,Electricity generation,Fuel,Other Renewables,%,0.0,,
85276,Czechia,CZE,2016,Country or economy,Europe,Europe,1.0,1.0,0.0,0.0,0.0,Electricity generation,Fuel,Solar,%,2.6,,
85277,Czechia,CZE,2016,Country or economy,Europe,Europe,1.0,1.0,0.0,0.0,0.0,Electricity generation,Fuel,Wind,%,0.61,,
85278,Czechia,CZE,2016,Country or economy,Europe,Europe,1.0,1.0,0.0,0.0,0.0,Electricity generation,Fuel,Bioenergy,TWh,4.76,-0.03,-0.63
85279,Czechia,CZE,2016,Country or economy,Europe,Europe,1.0,1.0,0.0,0.0,0.0,Electricity generation,Fuel,Coal,TWh,41.97,0.83,2.02
85280,Czechia,CZE,2016,Country or economy,Europe,Europe,1.0,1.0,0.0,0.0,0.0,Electricity generation,Fuel,Gas,TWh,3.73,1.45,63.6
85281,Czechia,CZE,2016,Country or economy,Europe,Europe,1.0,1.0,0.0,0.0,0.0,Electricity generation,Fuel,Hydro,TWh,2.0,0.21,11.73
85282,Czechia,CZE,2016,Country or economy,Europe,Europe,1.0,1.0,0.0,0.0,0.0,Electricity generation,Fuel,Nuclear,TWh,24.1,-2.74,-10.21
85283,Czechia,CZE,2016,Country or economy,Europe,Europe,1.0,1.0,0.0,0.0,0.0,Electricity generation,Fuel,Other Fossil,TWh,2.81,-0.01,-0.35
85284,Czechia,CZE,2016,Country or economy,Europe,Europe,1.0,1.0,0.0,0.0,0.0,Electricity generation,Fuel,Other Renewables,TWh,0.0,0.0,
85285,Czechia,CZE,2016,Country or economy,Europe,Europe,1.0,1.0,0.0,0.0,0.0,Electricity generation,Fuel,Solar,TWh,2.13,-0.13,-5.75
85286,Czechia,CZE,2016,Country or economy,Europe,Europe,1.0,1.0,0.0,0.0,0.0,Electricity generation,Fuel,Wind,TWh,0.5,-0.07,-12.28
85287,Czechia,CZE,2016,Country or economy,Europe,Europe,1.0,1.0,0.0,0.0,0.0,Electricity generation,Total,Total Generation,TWh,82.0,-0.49,-0.59
85288,Czechia,CZE,2016,Country or economy,Europe,Europe,1.0,1.0,0.0,0.0,0.0,Electricity imports,Electricity imports,Net Imports,TWh,-10.97,1.54,
85289,Czechia,CZE,2016,Country or economy,Europe,Europe,1.0,1.0,0.0,0.0,0.0,Power sector emissions,Aggregate fuel,Clean,mtCO2,1.31,-0.02,-1.5
85290,Czechia,CZE,2016,Country or economy,Europe,Europe,1.0,1.0,0.0,0.0,0.0,Power sector emissions,Aggregate fuel,Fossil,mtCO2,45.75,1.45,3.27
85291,Czechia,CZE,2016,Country or economy,Europe,Europe,1.0,1.0,0.0,0.0,0.0,Power sector emissions,Aggregate fuel,Gas and Other Fossil,mtCO2,3.44,0.61,21.55
85292,Czechia,CZE,2016,Country or economy,Europe,Europe,1.0,1.0,0.0,0.0,0.0,Power sector emissions,Aggregate fuel,"Hydro, Bioenergy and Other Renewables",mtCO2,1.08,0.0,0.0
85293,Czechia,CZE,2016,Country or economy,Europe,Europe,1.0,1.0,0.0,0.0,0.0,Power sector emissions,Aggregate fuel,Renewables,mtCO2,1.19,-0.01,-0.83
85294,Czechia,CZE,2016,Country or economy,Europe,Europe,1.0,1.0,0.0,0.0,0.0,Power sector emissions,Aggregate fuel,Wind and Solar,mtCO2,0.11,-0.01,-8.33
85295,Czechia,CZE,2016,Country or economy,Europe,Europe,1.0,1.0,0.0,0.0,0.0,Power sector emissions,CO2 intensity,CO2 intensity,gCO2/kWh,573.9,20.74,3.75
85296,Czechia,CZE,2016,Country or economy,Europe,Europe,1.0,1.0,0.0,0.0,0.0,Power sector emissions,Fuel,Bioenergy,mtCO2,1.03,-0.01,-0.96
85297,Czechia,CZE,2016,Country or economy,Europe,Europe,1.0,1.0,0.0,0.0,0.0,Power sector emissions,Fuel,Coal,mtCO2,42.31,0.84,2.03
85298,Czechia,CZE,2016,Country or economy,Europe,Europe,1.0,1.0,0.0,0.0,0.0,Power sector emissions,Fuel,Gas,mtCO2,1.59,0.62,63.92
85299,Czechia,CZE,2016,Country or economy,Europe,Europe,1.0,1.0,0.0,0.0,0.0,Power sector emissions,Fuel,Hydro,mtCO2,0.05,0.01,25.0
85300,Czechia,CZE,2016,Country or economy,Europe,Europe,1.0,1.0,0.0,0.0,0.0,Power sector emissions,Fuel,Nuclear,mtCO2,0.12,-0.01,-7.69
85301,Czechia,CZE,2016,Country or economy,Europe,Europe,1.0,1.0,0.0,0.0,0.0,Power sector emissions,Fuel,Other Fossil,mtCO2,1.85,-0.01,-0.54
85302,Czechia,CZE,2016,Country or economy,Europe,Europe,1.0,1.0,0.0,0.0,0.0,Power sector emissions,Fuel,Other Renewables,mtCO2,0.0,0.0,
85303,Czechia,CZE,2016,Country or economy,Europe,Europe,1.0,1.0,0.0,0.0,0.0,Power sector emissions,Fuel,Solar,mtCO2,0.1,-0.01,-9.09
85304,Czechia,CZE,2016,Country or economy,Europe,Europe,1.0,1.0,0.0,0.0,0.0,Power sector emissions,Fuel,Wind,mtCO2,0.01,0.0,0.0
85305,Czechia,CZE,2016,Country or economy,Europe,Europe,1.0,1.0,0.0,0.0,0.0,Power sector emissions,Total,Total emissions,mtCO2,47.06,1.43,3.13
85306,Czechia,CZE,2017,Country or economy,Europe,Europe,1.0,1.0,0.0,0.0,0.0,Capacity,Aggregate fuel,Clean,GW,8.55,0.06,0.71
85307,Czechia,CZE,2017,Country or economy,Europe,Europe,1.0,1.0,0.0,0.0,0.0,Capacity,Aggregate fuel,Fossil,GW,10.49,0.0,0.0
85308,Czechia,CZE,2017,Country or economy,Europe,Europe,1.0,1.0,0.0,0.0,0.0,Capacity,Aggregate fuel,Gas and Other Fossil,GW,1.73,0.0,0.0
85309,Czechia,CZE,2017,Country or economy,Europe,Europe,1.0,1.0,0.0,0.0,0.0,Capacity,Aggregate fuel,"Hydro, Bioenergy and Other Renewables",GW,1.89,0.03,1.61
85310,Czechia,CZE,2017,Country or economy,Europe,Europe,1.0,1.0,0.0,0.0,0.0,Capacity,Aggregate fuel,Renewables,GW,4.26,0.06,1.43
85311,Czechia,CZE,2017,Country or economy,Europe,Europe,1.0,1.0,0.0,0.0,0.0,Capacity,Aggregate fuel,Wind and Solar,GW,2.37,0.03,1.28
85312,Czechia,CZE,2017,Country or economy,Europe,Europe,1.0,1.0,0.0,0.0,0.0,Capacity,Fuel,Bioenergy,GW,0.77,0.03,4.05
85313,Czechia,CZE,2017,Country or economy,Europe,Europe,1.0,1.0,0.0,0.0,0.0,Capacity,Fuel,Coal,GW,8.76,0.0,0.0
85314,Czechia,CZE,2017,Country or economy,Europe,Europe,1.0,1.0,0.0,0.0,0.0,Capacity,Fuel,Gas,GW,1.7,0.0,0.0
85315,Czechia,CZE,2017,Country or economy,Europe,Europe,1.0,1.0,0.0,0.0,0.0,Capacity,Fuel,Hydro,GW,1.09,0.0,0.0
85316,Czechia,CZE,2017,Country or economy,Europe,Europe,1.0,1.0,0.0,0.0,0.0,Capacity,Fuel,Nuclear,GW,4.29,0.0,0.0
85317,Czechia,CZE,2017,Country or economy,Europe,Europe,1.0,1.0,0.0,0.0,0.0,Capacity,Fuel,Other Fossil,GW,0.03,0.0,0.0
85318,Czechia,CZE,2017,Country or economy,Europe,Europe,1.0,1.0,0.0,0.0,0.0,Capacity,Fuel,Other Renewables,GW,0.03,0.0,0.0
85319,Czechia,CZE,2017,Country or economy,Europe,Europe,1.0,1.0,0.0,0.0,0.0,Capacity,Fuel,Solar,GW,2.06,0.0,0.0
85320,Czechia,CZE,2017,Country or economy,Europe,Europe,1.0,1.0,0.0,0.0,0.0,Capacity,Fuel,Wind,GW,0.31,0.03,10.71
85321,Czechia,CZE,2017,Country or economy,Europe,Europe,1.0,1.0,0.0,0.0,0.0,Electricity demand,Demand,Demand,TWh,72.72,1.69,2.38
85322,Czechia,CZE,2017,Country or economy,Europe,Europe,1.0,1.0,0.0,0.0,0.0,Electricity demand,Demand per capita,Demand per capita,MWh,6.9,0.16,2.37
85323,Czechia,CZE,2017,Country or economy,Europe,Europe,1.0,1.0,0.0,0.0,0.0,Electricity generation,Aggregate fuel,Clean,%,44.29,,
85324,Czechia,CZE,2017,Country or economy,Europe,Europe,1.0,1.0,0.0,0.0,0.0,Electricity generation,Aggregate fuel,Fossil,%,55.72,,
85325,Czechia,CZE,2017,Country or economy,Europe,Europe,1.0,1.0,0.0,0.0,0.0,Electricity generation,Aggregate fuel,Gas and Other Fossil,%,7.4,,
85326,Czechia,CZE,2017,Country or economy,Europe,Europe,1.0,1.0,0.0,0.0,0.0,Electricity generation,Aggregate fuel,"Hydro, Bioenergy and Other Renewables",%,7.98,,
85327,Czechia,CZE,2017,Country or economy,Europe,Europe,1.0,1.0,0.0,0.0,0.0,Electricity generation,Aggregate fuel,Renewables,%,11.24,,
85328,Czechia,CZE,2017,Country or economy,Europe,Europe,1.0,1.0,0.0,0.0,0.0,Electricity generation,Aggregate fuel,Wind and Solar,%,3.26,,
85329,Czechia,CZE,2017,Country or economy,Europe,Europe,1.0,1.0,0.0,0.0,0.0,Electricity generation,Aggregate fuel,Clean,TWh,37.97,4.48,13.38
85330,Czechia,CZE,2017,Country or economy,Europe,Europe,1.0,1.0,0.0,0.0,0.0,Electricity generation,Aggregate fuel,Fossil,TWh,47.79,-0.72,-1.48
85331,Czechia,CZE,2017,Country or economy,Europe,Europe,1.0,1.0,0.0,0.0,0.0,Electricity generation,Aggregate fuel,Gas and Other Fossil,TWh,6.35,-0.19,-2.91
85332,Czechia,CZE,2017,Country or economy,Europe,Europe,1.0,1.0,0.0,0.0,0.0,Electricity generation,Aggregate fuel,"Hydro, Bioenergy and Other Renewables",TWh,6.84,0.08,1.18
85333,Czechia,CZE,2017,Country or economy,Europe,Europe,1.0,1.0,0.0,0.0,0.0,Electricity generation,Aggregate fuel,Renewables,TWh,9.63,0.24,2.56
85334,Czechia,CZE,2017,Country or economy,Europe,Europe,1.0,1.0,0.0,0.0,0.0,Electricity generation,Aggregate fuel,Wind and Solar,TWh,2.79,0.16,6.08
85335,Czechia,CZE,2017,Country or economy,Europe,Europe,1.0,1.0,0.0,0.0,0.0,Electricity generation,Fuel,Bioenergy,%,5.8,,
85336,Czechia,CZE,2017,Country or economy,Europe,Europe,1.0,1.0,0.0,0.0,0.0,Electricity generation,Fuel,Coal,%,48.32,,
85337,Czechia,CZE,2017,Country or economy,Europe,Europe,1.0,1.0,0.0,0.0,0.0,Electricity generation,Fuel,Gas,%,4.31,,
85338,Czechia,CZE,2017,Country or economy,Europe,Europe,1.0,1.0,0.0,0.0,0.0,Electricity generation,Fuel,Hydro,%,2.18,,
85339,Czechia,CZE,2017,Country or economy,Europe,Europe,1.0,1.0,0.0,0.0,0.0,Electricity generation,Fuel,Nuclear,%,33.05,,
85340,Czechia,CZE,2017,Country or economy,Europe,Europe,1.0,1.0,0.0,0.0,0.0,Electricity generation,Fuel,Other Fossil,%,3.09,,
85341,Czechia,CZE,2017,Country or economy,Europe,Europe,1.0,1.0,0.0,0.0,0.0,Electricity generation,Fuel,Other Renewables,%,0.0,,
85342,Czechia,CZE,2017,Country or economy,Europe,Europe,1.0,1.0,0.0,0.0,0.0,Electricity generation,Fuel,Solar,%,2.57,,
85343,Czechia,CZE,2017,Country or economy,Europe,Europe,1.0,1.0,0.0,0.0,0.0,Electricity generation,Fuel,Wind,%,0.69,,
85344,Czechia,CZE,2017,Country or economy,Europe,Europe,1.0,1.0,0.0,0.0,0.0,Electricity generation,Fuel,Bioenergy,TWh,4.97,0.21,4.41
85345,Czechia,CZE,2017,Country or economy,Europe,Europe,1.0,1.0,0.0,0.0,0.0,Electricity generation,Fuel,Coal,TWh,41.44,-0.53,-1.26
85346,Czechia,CZE,2017,Country or economy,Europe,Europe,1.0,1.0,0.0,0.0,0.0,Electricity generation,Fuel,Gas,TWh,3.7,-0.03,-0.8
85347,Czechia,CZE,2017,Country or economy,Europe,Europe,1.0,1.0,0.0,0.0,0.0,Electricity generation,Fuel,Hydro,TWh,1.87,-0.13,-6.5
85348,Czechia,CZE,2017,Country or economy,Europe,Europe,1.0,1.0,0.0,0.0,0.0,Electricity generation,Fuel,Nuclear,TWh,28.34,4.24,17.59
85349,Czechia,CZE,2017,Country or economy,Europe,Europe,1.0,1.0,0.0,0.0,0.0,Electricity generation,Fuel,Other Fossil,TWh,2.65,-0.16,-5.69
85350,Czechia,CZE,2017,Country or economy,Europe,Europe,1.0,1.0,0.0,0.0,0.0,Electricity generation,Fuel,Other Renewables,TWh,0.0,0.0,
85351,Czechia,CZE,2017,Country or economy,Europe,Europe,1.0,1.0,0.0,0.0,0.0,Electricity generation,Fuel,Solar,TWh,2.2,0.07,3.29
85352,Czechia,CZE,2017,Country or economy,Europe,Europe,1.0,1.0,0.0,0.0,0.0,Electricity generation,Fuel,Wind,TWh,0.59,0.09,18.0
85353,Czechia,CZE,2017,Country or economy,Europe,Europe,1.0,1.0,0.0,0.0,0.0,Electricity generation,Total,Total Generation,TWh,85.76,3.76,4.59
85354,Czechia,CZE,2017,Country or economy,Europe,Europe,1.0,1.0,0.0,0.0,0.0,Electricity imports,Electricity imports,Net Imports,TWh,-13.04,-2.07,
85355,Czechia,CZE,2017,Country or economy,Europe,Europe,1.0,1.0,0.0,0.0,0.0,Power sector emissions,Aggregate fuel,Clean,mtCO2,1.36,0.05,3.82
85356,Czechia,CZE,2017,Country or economy,Europe,Europe,1.0,1.0,0.0,0.0,0.0,Power sector emissions,Aggregate fuel,Fossil,mtCO2,45.15,-0.6,-1.31
85357,Czechia,CZE,2017,Country or economy,Europe,Europe,1.0,1.0,0.0,0.0,0.0,Power sector emissions,Aggregate fuel,Gas and Other Fossil,mtCO2,3.31,-0.13,-3.78
85358,Czechia,CZE,2017,Country or economy,Europe,Europe,1.0,1.0,0.0,0.0,0.0,Power sector emissions,Aggregate fuel,"Hydro, Bioenergy and Other Renewables",mtCO2,1.11,0.03,2.78
85359,Czechia,CZE,2017,Country or economy,Europe,Europe,1.0,1.0,0.0,0.0,0.0,Power sector emissions,Aggregate fuel,Renewables,mtCO2,1.22,0.03,2.52
85360,Czechia,CZE,2017,Country or economy,Europe,Europe,1.0,1.0,0.0,0.0,0.0,Power sector emissions,Aggregate fuel,Wind and Solar,mtCO2,0.11,0.0,0.0
85361,Czechia,CZE,2017,Country or economy,Europe,Europe,1.0,1.0,0.0,0.0,0.0,Power sector emissions,CO2 intensity,CO2 intensity,gCO2/kWh,542.33,-31.57,-5.5
85362,Czechia,CZE,2017,Country or economy,Europe,Europe,1.0,1.0,0.0,0.0,0.0,Power sector emissions,Fuel,Bioenergy,mtCO2,1.07,0.04,3.88
85363,Czechia,CZE,2017,Country or economy,Europe,Europe,1.0,1.0,0.0,0.0,0.0,Power sector emissions,Fuel,Coal,mtCO2,41.84,-0.47,-1.11
85364,Czechia,CZE,2017,Country or economy,Europe,Europe,1.0,1.0,0.0,0.0,0.0,Power sector emissions,Fuel,Gas,mtCO2,1.57,-0.02,-1.26
85365,Czechia,CZE,2017,Country or economy,Europe,Europe,1.0,1.0,0.0,0.0,0.0,Power sector emissions,Fuel,Hydro,mtCO2,0.04,-0.01,-20.0
85366,Czechia,CZE,2017,Country or economy,Europe,Europe,1.0,1.0,0.0,0.0,0.0,Power sector emissions,Fuel,Nuclear,mtCO2,0.14,0.02,16.67
85367,Czechia,CZE,2017,Country or economy,Europe,Europe,1.0,1.0,0.0,0.0,0.0,Power sector emissions,Fuel,Other Fossil,mtCO2,1.74,-0.11,-5.95
85368,Czechia,CZE,2017,Country or economy,Europe,Europe,1.0,1.0,0.0,0.0,0.0,Power sector emissions,Fuel,Other Renewables,mtCO2,0.0,0.0,
85369,Czechia,CZE,2017,Country or economy,Europe,Europe,1.0,1.0,0.0,0.0,0.0,Power sector emissions,Fuel,Solar,mtCO2,0.1,0.0,0.0
85370,Czechia,CZE,2017,Country or economy,Europe,Europe,1.0,1.0,0.0,0.0,0.0,Power sector emissions,Fuel,Wind,mtCO2,0.01,0.0,0.0
85371,Czechia,CZE,2017,Country or economy,Europe,Europe,1.0,1.0,0.0,0.0,0.0,Power sector emissions,Total,Total emissions,mtCO2,46.51,-0.55,-1.17
85372,Czechia,CZE,2018,Country or economy,Europe,Europe,1.0,1.0,0.0,0.0,0.0,Capacity,Aggregate fuel,Clean,GW,8.55,0.0,0.0
85373,Czechia,CZE,2018,Country or economy,Europe,Europe,1.0,1.0,0.0,0.0,0.0,Capacity,Aggregate fuel,Fossil,GW,10.49,0.0,0.0
85374,Czechia,CZE,2018,Country or economy,Europe,Europe,1.0,1.0,0.0,0.0,0.0,Capacity,Aggregate fuel,Gas and Other Fossil,GW,1.73,0.0,0.0
85375,Czechia,CZE,2018,Country or economy,Europe,Europe,1.0,1.0,0.0,0.0,0.0,Capacity,Aggregate fuel,"Hydro, Bioenergy and Other Renewables",GW,1.87,-0.02,-1.06
85376,Czechia,CZE,2018,Country or economy,Europe,Europe,1.0,1.0,0.0,0.0,0.0,Capacity,Aggregate fuel,Renewables,GW,4.26,0.0,0.0
85377,Czechia,CZE,2018,Country or economy,Europe,Europe,1.0,1.0,0.0,0.0,0.0,Capacity,Aggregate fuel,Wind and Solar,GW,2.39,0.02,0.84
85378,Czechia,CZE,2018,Country or economy,Europe,Europe,1.0,1.0,0.0,0.0,0.0,Capacity,Fuel,Bioenergy,GW,0.75,-0.02,-2.6
85379,Czechia,CZE,2018,Country or economy,Europe,Europe,1.0,1.0,0.0,0.0,0.0,Capacity,Fuel,Coal,GW,8.76,0.0,0.0
85380,Czechia,CZE,2018,Country or economy,Europe,Europe,1.0,1.0,0.0,0.0,0.0,Capacity,Fuel,Gas,GW,1.7,0.0,0.0
85381,Czechia,CZE,2018,Country or economy,Europe,Europe,1.0,1.0,0.0,0.0,0.0,Capacity,Fuel,Hydro,GW,1.09,0.0,0.0
85382,Czechia,CZE,2018,Country or economy,Europe,Europe,1.0,1.0,0.0,0.0,0.0,Capacity,Fuel,Nuclear,GW,4.29,0.0,0.0
85383,Czechia,CZE,2018,Country or economy,Europe,Europe,1.0,1.0,0.0,0.0,0.0,Capacity,Fuel,Other Fossil,GW,0.03,0.0,0.0
85384,Czechia,CZE,2018,Country or economy,Europe,Europe,1.0,1.0,0.0,0.0,0.0,Capacity,Fuel,Other Renewables,GW,0.03,0.0,0.0
85385,Czechia,CZE,2018,Country or economy,Europe,Europe,1.0,1.0,0.0,0.0,0.0,Capacity,Fuel,Solar,GW,2.07,0.01,0.49
85386,Czechia,CZE,2018,Country or economy,Europe,Europe,1.0,1.0,0.0,0.0,0.0,Capacity,Fuel,Wind,GW,0.32,0.01,3.23
85387,Czechia,CZE,2018,Country or economy,Europe,Europe,1.0,1.0,0.0,0.0,0.0,Electricity demand,Demand,Demand,TWh,72.93,0.21,0.29
85388,Czechia,CZE,2018,Country or economy,Europe,Europe,1.0,1.0,0.0,0.0,0.0,Electricity demand,Demand per capita,Demand per capita,MWh,6.91,0.01,0.14
85389,Czechia,CZE,2018,Country or economy,Europe,Europe,1.0,1.0,0.0,0.0,0.0,Electricity generation,Aggregate fuel,Clean,%,45.31,,
85390,Czechia,CZE,2018,Country or economy,Europe,Europe,1.0,1.0,0.0,0.0,0.0,Electricity generation,Aggregate fuel,Fossil,%,54.68,,
85391,Czechia,CZE,2018,Country or economy,Europe,Europe,1.0,1.0,0.0,0.0,0.0,Electricity generation,Aggregate fuel,Gas and Other Fossil,%,7.24,,
85392,Czechia,CZE,2018,Country or economy,Europe,Europe,1.0,1.0,0.0,0.0,0.0,Electricity generation,Aggregate fuel,"Hydro, Bioenergy and Other Renewables",%,7.44,,
85393,Czechia,CZE,2018,Country or economy,Europe,Europe,1.0,1.0,0.0,0.0,0.0,Electricity generation,Aggregate fuel,Renewables,%,10.86,,
85394,Czechia,CZE,2018,Country or economy,Europe,Europe,1.0,1.0,0.0,0.0,0.0,Electricity generation,Aggregate fuel,Wind and Solar,%,3.42,,
85395,Czechia,CZE,2018,Country or economy,Europe,Europe,1.0,1.0,0.0,0.0,0.0,Electricity generation,Aggregate fuel,Clean,TWh,39.35,1.38,3.63
85396,Czechia,CZE,2018,Country or economy,Europe,Europe,1.0,1.0,0.0,0.0,0.0,Electricity generation,Aggregate fuel,Fossil,TWh,47.49,-0.3,-0.63
85397,Czechia,CZE,2018,Country or economy,Europe,Europe,1.0,1.0,0.0,0.0,0.0,Electricity generation,Aggregate fuel,Gas and Other Fossil,TWh,6.29,-0.06,-0.94
85398,Czechia,CZE,2018,Country or economy,Europe,Europe,1.0,1.0,0.0,0.0,0.0,Electricity generation,Aggregate fuel,"Hydro, Bioenergy and Other Renewables",TWh,6.46,-0.38,-5.56
85399,Czechia,CZE,2018,Country or economy,Europe,Europe,1.0,1.0,0.0,0.0,0.0,Electricity generation,Aggregate fuel,Renewables,TWh,9.43,-0.2,-2.08
85400,Czechia,CZE,2018,Country or economy,Europe,Europe,1.0,1.0,0.0,0.0,0.0,Electricity generation,Aggregate fuel,Wind and Solar,TWh,2.97,0.18,6.45
85401,Czechia,CZE,2018,Country or economy,Europe,Europe,1.0,1.0,0.0,0.0,0.0,Electricity generation,Fuel,Bioenergy,%,5.56,,
85402,Czechia,CZE,2018,Country or economy,Europe,Europe,1.0,1.0,0.0,0.0,0.0,Electricity generation,Fuel,Coal,%,47.44,,
85403,Czechia,CZE,2018,Country or economy,Europe,Europe,1.0,1.0,0.0,0.0,0.0,Electricity generation,Fuel,Gas,%,4.34,,
85404,Czechia,CZE,2018,Country or economy,Europe,Europe,1.0,1.0,0.0,0.0,0.0,Electricity generation,Fuel,Hydro,%,1.88,,
85405,Czechia,CZE,2018,Country or economy,Europe,Europe,1.0,1.0,0.0,0.0,0.0,Electricity generation,Fuel,Nuclear,%,34.45,,
85406,Czechia,CZE,2018,Country or economy,Europe,Europe,1.0,1.0,0.0,0.0,0.0,Electricity generation,Fuel,Other Fossil,%,2.9,,
85407,Czechia,CZE,2018,Country or economy,Europe,Europe,1.0,1.0,0.0,0.0,0.0,Electricity generation,Fuel,Other Renewables,%,0.0,,
85408,Czechia,CZE,2018,Country or economy,Europe,Europe,1.0,1.0,0.0,0.0,0.0,Electricity generation,Fuel,Solar,%,2.72,,
85409,Czechia,CZE,2018,Country or economy,Europe,Europe,1.0,1.0,0.0,0.0,0.0,Electricity generation,Fuel,Wind,%,0.7,,
85410,Czechia,CZE,2018,Country or economy,Europe,Europe,1.0,1.0,0.0,0.0,0.0,Electricity generation,Fuel,Bioenergy,TWh,4.83,-0.14,-2.82
85411,Czechia,CZE,2018,Country or economy,Europe,Europe,1.0,1.0,0.0,0.0,0.0,Electricity generation,Fuel,Coal,TWh,41.2,-0.24,-0.58
85412,Czechia,CZE,2018,Country or economy,Europe,Europe,1.0,1.0,0.0,0.0,0.0,Electricity generation,Fuel,Gas,TWh,3.77,0.07,1.89
85413,Czechia,CZE,2018,Country or economy,Europe,Europe,1.0,1.0,0.0,0.0,0.0,Electricity generation,Fuel,Hydro,TWh,1.63,-0.24,-12.83
85414,Czechia,CZE,2018,Country or economy,Europe,Europe,1.0,1.0,0.0,0.0,0.0,Electricity generation,Fuel,Nuclear,TWh,29.92,1.58,5.58
85415,Czechia,CZE,2018,Country or economy,Europe,Europe,1.0,1.0,0.0,0.0,0.0,Electricity generation,Fuel,Other Fossil,TWh,2.52,-0.13,-4.91
85416,Czechia,CZE,2018,Country or economy,Europe,Europe,1.0,1.0,0.0,0.0,0.0,Electricity generation,Fuel,Other Renewables,TWh,0.0,0.0,
85417,Czechia,CZE,2018,Country or economy,Europe,Europe,1.0,1.0,0.0,0.0,0.0,Electricity generation,Fuel,Solar,TWh,2.36,0.16,7.27
85418,Czechia,CZE,2018,Country or economy,Europe,Europe,1.0,1.0,0.0,0.0,0.0,Electricity generation,Fuel,Wind,TWh,0.61,0.02,3.39
85419,Czechia,CZE,2018,Country or economy,Europe,Europe,1.0,1.0,0.0,0.0,0.0,Electricity generation,Total,Total Generation,TWh,86.84,1.08,1.26
85420,Czechia,CZE,2018,Country or economy,Europe,Europe,1.0,1.0,0.0,0.0,0.0,Electricity imports,Electricity imports,Net Imports,TWh,-13.91,-0.87,
85421,Czechia,CZE,2018,Country or economy,Europe,Europe,1.0,1.0,0.0,0.0,0.0,Power sector emissions,Aggregate fuel,Clean,mtCO2,1.34,-0.02,-1.47
85422,Czechia,CZE,2018,Country or economy,Europe,Europe,1.0,1.0,0.0,0.0,0.0,Power sector emissions,Aggregate fuel,Fossil,mtCO2,44.91,-0.24,-0.53
85423,Czechia,CZE,2018,Country or economy,Europe,Europe,1.0,1.0,0.0,0.0,0.0,Power sector emissions,Aggregate fuel,Gas and Other Fossil,mtCO2,3.26,-0.05,-1.51
85424,Czechia,CZE,2018,Country or economy,Europe,Europe,1.0,1.0,0.0,0.0,0.0,Power sector emissions,Aggregate fuel,"Hydro, Bioenergy and Other Renewables",mtCO2,1.08,-0.03,-2.7
85425,Czechia,CZE,2018,Country or economy,Europe,Europe,1.0,1.0,0.0,0.0,0.0,Power sector emissions,Aggregate fuel,Renewables,mtCO2,1.2,-0.02,-1.64
85426,Czechia,CZE,2018,Country or economy,Europe,Europe,1.0,1.0,0.0,0.0,0.0,Power sector emissions,Aggregate fuel,Wind and Solar,mtCO2,0.12,0.01,9.09
85427,Czechia,CZE,2018,Country or economy,Europe,Europe,1.0,1.0,0.0,0.0,0.0,Power sector emissions,CO2 intensity,CO2 intensity,gCO2/kWh,532.59,-9.74,-1.8
85428,Czechia,CZE,2018,Country or economy,Europe,Europe,1.0,1.0,0.0,0.0,0.0,Power sector emissions,Fuel,Bioenergy,mtCO2,1.04,-0.03,-2.8
85429,Czechia,CZE,2018,Country or economy,Europe,Europe,1.0,1.0,0.0,0.0,0.0,Power sector emissions,Fuel,Coal,mtCO2,41.65,-0.19,-0.45
85430,Czechia,CZE,2018,Country or economy,Europe,Europe,1.0,1.0,0.0,0.0,0.0,Power sector emissions,Fuel,Gas,mtCO2,1.6,0.03,1.91
85431,Czechia,CZE,2018,Country or economy,Europe,Europe,1.0,1.0,0.0,0.0,0.0,Power sector emissions,Fuel,Hydro,mtCO2,0.04,0.0,0.0
85432,Czechia,CZE,2018,Country or economy,Europe,Europe,1.0,1.0,0.0,0.0,0.0,Power sector emissions,Fuel,Nuclear,mtCO2,0.14,0.0,0.0
85433,Czechia,CZE,2018,Country or economy,Europe,Europe,1.0,1.0,0.0,0.0,0.0,Power sector emissions,Fuel,Other Fossil,mtCO2,1.66,-0.08,-4.6
85434,Czechia,CZE,2018,Country or economy,Europe,Europe,1.0,1.0,0.0,0.0,0.0,Power sector emissions,Fuel,Other Renewables,mtCO2,0.0,0.0,
85435,Czechia,CZE,2018,Country or economy,Europe,Europe,1.0,1.0,0.0,0.0,0.0,Power sector emissions,Fuel,Solar,mtCO2,0.11,0.01,10.0
85436,Czechia,CZE,2018,Country or economy,Europe,Europe,1.0,1.0,0.0,0.0,0.0,Power sector emissions,Fuel,Wind,mtCO2,0.01,0.0,0.0
85437,Czechia,CZE,2018,Country or economy,Europe,Europe,1.0,1.0,0.0,0.0,0.0,Power sector emissions,Total,Total emissions,mtCO2,46.25,-0.26,-0.56
85438,Czechia,CZE,2019,Country or economy,Europe,Europe,1.0,1.0,0.0,0.0,0.0,Capacity,Aggregate fuel,Clean,GW,8.63,0.08,0.94
85439,Czechia,CZE,2019,Country or economy,Europe,Europe,1.0,1.0,0.0,0.0,0.0,Capacity,Aggregate fuel,Fossil,GW,10.29,-0.2,-1.91
85440,Czechia,CZE,2019,Country or economy,Europe,Europe,1.0,1.0,0.0,0.0,0.0,Capacity,Aggregate fuel,Gas and Other Fossil,GW,1.73,0.0,0.0
85441,Czechia,CZE,2019,Country or economy,Europe,Europe,1.0,1.0,0.0,0.0,0.0,Capacity,Aggregate fuel,"Hydro, Bioenergy and Other Renewables",GW,1.92,0.05,2.67
85442,Czechia,CZE,2019,Country or economy,Europe,Europe,1.0,1.0,0.0,0.0,0.0,Capacity,Aggregate fuel,Renewables,GW,4.34,0.08,1.88
85443,Czechia,CZE,2019,Country or economy,Europe,Europe,1.0,1.0,0.0,0.0,0.0,Capacity,Aggregate fuel,Wind and Solar,GW,2.42,0.03,1.26
85444,Czechia,CZE,2019,Country or economy,Europe,Europe,1.0,1.0,0.0,0.0,0.0,Capacity,Fuel,Bioenergy,GW,0.8,0.05,6.67
85445,Czechia,CZE,2019,Country or economy,Europe,Europe,1.0,1.0,0.0,0.0,0.0,Capacity,Fuel,Coal,GW,8.56,-0.2,-2.28
85446,Czechia,CZE,2019,Country or economy,Europe,Europe,1.0,1.0,0.0,0.0,0.0,Capacity,Fuel,Gas,GW,1.7,0.0,0.0
85447,Czechia,CZE,2019,Country or economy,Europe,Europe,1.0,1.0,0.0,0.0,0.0,Capacity,Fuel,Hydro,GW,1.09,0.0,0.0
85448,Czechia,CZE,2019,Country or economy,Europe,Europe,1.0,1.0,0.0,0.0,0.0,Capacity,Fuel,Nuclear,GW,4.29,0.0,0.0
85449,Czechia,CZE,2019,Country or economy,Europe,Europe,1.0,1.0,0.0,0.0,0.0,Capacity,Fuel,Other Fossil,GW,0.03,0.0,0.0
85450,Czechia,CZE,2019,Country or economy,Europe,Europe,1.0,1.0,0.0,0.0,0.0,Capacity,Fuel,Other Renewables,GW,0.03,0.0,0.0
85451,Czechia,CZE,2019,Country or economy,Europe,Europe,1.0,1.0,0.0,0.0,0.0,Capacity,Fuel,Solar,GW,2.08,0.01,0.48
85452,Czechia,CZE,2019,Country or economy,Europe,Europe,1.0,1.0,0.0,0.0,0.0,Capacity,Fuel,Wind,GW,0.34,0.02,6.25
85453,Czechia,CZE,2019,Country or economy,Europe,Europe,1.0,1.0,0.0,0.0,0.0,Electricity demand,Demand,Demand,TWh,72.62,-0.31,-0.43
85454,Czechia,CZE,2019,Country or economy,Europe,Europe,1.0,1.0,0.0,0.0,0.0,Electricity demand,Demand per capita,Demand per capita,MWh,6.88,-0.03,-0.43
85455,Czechia,CZE,2019,Country or economy,Europe,Europe,1.0,1.0,0.0,0.0,0.0,Electricity generation,Aggregate fuel,Clean,%,47.03,,
85456,Czechia,CZE,2019,Country or economy,Europe,Europe,1.0,1.0,0.0,0.0,0.0,Electricity generation,Aggregate fuel,Fossil,%,52.98,,
85457,Czechia,CZE,2019,Country or economy,Europe,Europe,1.0,1.0,0.0,0.0,0.0,Electricity generation,Aggregate fuel,Gas and Other Fossil,%,9.43,,
85458,Czechia,CZE,2019,Country or economy,Europe,Europe,1.0,1.0,0.0,0.0,0.0,Electricity generation,Aggregate fuel,"Hydro, Bioenergy and Other Renewables",%,8.21,,
85459,Czechia,CZE,2019,Country or economy,Europe,Europe,1.0,1.0,0.0,0.0,0.0,Electricity generation,Aggregate fuel,Renewables,%,11.74,,
85460,Czechia,CZE,2019,Country or economy,Europe,Europe,1.0,1.0,0.0,0.0,0.0,Electricity generation,Aggregate fuel,Wind and Solar,%,3.53,,
85461,Czechia,CZE,2019,Country or economy,Europe,Europe,1.0,1.0,0.0,0.0,0.0,Electricity generation,Aggregate fuel,Clean,TWh,40.31,0.96,2.44
85462,Czechia,CZE,2019,Country or economy,Europe,Europe,1.0,1.0,0.0,0.0,0.0,Electricity generation,Aggregate fuel,Fossil,TWh,45.41,-2.08,-4.38
85463,Czechia,CZE,2019,Country or economy,Europe,Europe,1.0,1.0,0.0,0.0,0.0,Electricity generation,Aggregate fuel,Gas and Other Fossil,TWh,8.08,1.79,28.46
85464,Czechia,CZE,2019,Country or economy,Europe,Europe,1.0,1.0,0.0,0.0,0.0,Electricity generation,Aggregate fuel,"Hydro, Bioenergy and Other Renewables",TWh,7.04,0.58,8.98
85465,Czechia,CZE,2019,Country or economy,Europe,Europe,1.0,1.0,0.0,0.0,0.0,Electricity generation,Aggregate fuel,Renewables,TWh,10.06,0.63,6.68
85466,Czechia,CZE,2019,Country or economy,Europe,Europe,1.0,1.0,0.0,0.0,0.0,Electricity generation,Aggregate fuel,Wind and Solar,TWh,3.02,0.05,1.68
85467,Czechia,CZE,2019,Country or economy,Europe,Europe,1.0,1.0,0.0,0.0,0.0,Electricity generation,Fuel,Bioenergy,%,5.87,,
85468,Czechia,CZE,2019,Country or economy,Europe,Europe,1.0,1.0,0.0,0.0,0.0,Electricity generation,Fuel,Coal,%,43.55,,
85469,Czechia,CZE,2019,Country or economy,Europe,Europe,1.0,1.0,0.0,0.0,0.0,Electricity generation,Fuel,Gas,%,6.78,,
85470,Czechia,CZE,2019,Country or economy,Europe,Europe,1.0,1.0,0.0,0.0,0.0,Electricity generation,Fuel,Hydro,%,2.34,,
85471,Czechia,CZE,2019,Country or economy,Europe,Europe,1.0,1.0,0.0,0.0,0.0,Electricity generation,Fuel,Nuclear,%,35.29,,
85472,Czechia,CZE,2019,Country or economy,Europe,Europe,1.0,1.0,0.0,0.0,0.0,Electricity generation,Fuel,Other Fossil,%,2.65,,
85473,Czechia,CZE,2019,Country or economy,Europe,Europe,1.0,1.0,0.0,0.0,0.0,Electricity generation,Fuel,Other Renewables,%,0.0,,
85474,Czechia,CZE,2019,Country or economy,Europe,Europe,1.0,1.0,0.0,0.0,0.0,Electricity generation,Fuel,Solar,%,2.71,,
85475,Czechia,CZE,2019,Country or economy,Europe,Europe,1.0,1.0,0.0,0.0,0.0,Electricity generation,Fuel,Wind,%,0.82,,
85476,Czechia,CZE,2019,Country or economy,Europe,Europe,1.0,1.0,0.0,0.0,0.0,Electricity generation,Fuel,Bioenergy,TWh,5.03,0.2,4.14
85477,Czechia,CZE,2019,Country or economy,Europe,Europe,1.0,1.0,0.0,0.0,0.0,Electricity generation,Fuel,Coal,TWh,37.33,-3.87,-9.39
85478,Czechia,CZE,2019,Country or economy,Europe,Europe,1.0,1.0,0.0,0.0,0.0,Electricity generation,Fuel,Gas,TWh,5.81,2.04,54.11
85479,Czechia,CZE,2019,Country or economy,Europe,Europe,1.0,1.0,0.0,0.0,0.0,Electricity generation,Fuel,Hydro,TWh,2.01,0.38,23.31
85480,Czechia,CZE,2019,Country or economy,Europe,Europe,1.0,1.0,0.0,0.0,0.0,Electricity generation,Fuel,Nuclear,TWh,30.25,0.33,1.1
85481,Czechia,CZE,2019,Country or economy,Europe,Europe,1.0,1.0,0.0,0.0,0.0,Electricity generation,Fuel,Other Fossil,TWh,2.27,-0.25,-9.92
85482,Czechia,CZE,2019,Country or economy,Europe,Europe,1.0,1.0,0.0,0.0,0.0,Electricity generation,Fuel,Other Renewables,TWh,0.0,0.0,
85483,Czechia,CZE,2019,Country or economy,Europe,Europe,1.0,1.0,0.0,0.0,0.0,Electricity generation,Fuel,Solar,TWh,2.32,-0.04,-1.69
85484,Czechia,CZE,2019,Country or economy,Europe,Europe,1.0,1.0,0.0,0.0,0.0,Electricity generation,Fuel,Wind,TWh,0.7,0.09,14.75
85485,Czechia,CZE,2019,Country or economy,Europe,Europe,1.0,1.0,0.0,0.0,0.0,Electricity generation,Total,Total Generation,TWh,85.72,-1.12,-1.29
85486,Czechia,CZE,2019,Country or economy,Europe,Europe,1.0,1.0,0.0,0.0,0.0,Electricity imports,Electricity imports,Net Imports,TWh,-13.1,0.81,
85487,Czechia,CZE,2019,Country or economy,Europe,Europe,1.0,1.0,0.0,0.0,0.0,Power sector emissions,Aggregate fuel,Clean,mtCO2,1.41,0.07,5.22
85488,Czechia,CZE,2019,Country or economy,Europe,Europe,1.0,1.0,0.0,0.0,0.0,Power sector emissions,Aggregate fuel,Fossil,mtCO2,41.75,-3.16,-7.04
85489,Czechia,CZE,2019,Country or economy,Europe,Europe,1.0,1.0,0.0,0.0,0.0,Power sector emissions,Aggregate fuel,Gas and Other Fossil,mtCO2,3.96,0.7,21.47
85490,Czechia,CZE,2019,Country or economy,Europe,Europe,1.0,1.0,0.0,0.0,0.0,Power sector emissions,Aggregate fuel,"Hydro, Bioenergy and Other Renewables",mtCO2,1.14,0.06,5.56
85491,Czechia,CZE,2019,Country or economy,Europe,Europe,1.0,1.0,0.0,0.0,0.0,Power sector emissions,Aggregate fuel,Renewables,mtCO2,1.26,0.06,5.0
85492,Czechia,CZE,2019,Country or economy,Europe,Europe,1.0,1.0,0.0,0.0,0.0,Power sector emissions,Aggregate fuel,Wind and Solar,mtCO2,0.12,0.0,0.0
85493,Czechia,CZE,2019,Country or economy,Europe,Europe,1.0,1.0,0.0,0.0,0.0,Power sector emissions,CO2 intensity,CO2 intensity,gCO2/kWh,503.5,-29.09,-5.46
85494,Czechia,CZE,2019,Country or economy,Europe,Europe,1.0,1.0,0.0,0.0,0.0,Power sector emissions,Fuel,Bioenergy,mtCO2,1.09,0.05,4.81
85495,Czechia,CZE,2019,Country or economy,Europe,Europe,1.0,1.0,0.0,0.0,0.0,Power sector emissions,Fuel,Coal,mtCO2,37.79,-3.86,-9.27
85496,Czechia,CZE,2019,Country or economy,Europe,Europe,1.0,1.0,0.0,0.0,0.0,Power sector emissions,Fuel,Gas,mtCO2,2.47,0.87,54.38
85497,Czechia,CZE,2019,Country or economy,Europe,Europe,1.0,1.0,0.0,0.0,0.0,Power sector emissions,Fuel,Hydro,mtCO2,0.05,0.01,25.0
85498,Czechia,CZE,2019,Country or economy,Europe,Europe,1.0,1.0,0.0,0.0,0.0,Power sector emissions,Fuel,Nuclear,mtCO2,0.15,0.01,7.14
85499,Czechia,CZE,2019,Country or economy,Europe,Europe,1.0,1.0,0.0,0.0,0.0,Power sector emissions,Fuel,Other Fossil,mtCO2,1.49,-0.17,-10.24
85500,Czechia,CZE,2019,Country or economy,Europe,Europe,1.0,1.0,0.0,0.0,0.0,Power sector emissions,Fuel,Other Renewables,mtCO2,0.0,0.0,
85501,Czechia,CZE,2019,Country or economy,Europe,Europe,1.0,1.0,0.0,0.0,0.0,Power sector emissions,Fuel,Solar,mtCO2,0.11,0.0,0.0
85502,Czechia,CZE,2019,Country or economy,Europe,Europe,1.0,1.0,0.0,0.0,0.0,Power sector emissions,Fuel,Wind,mtCO2,0.01,0.0,0.0
85503,Czechia,CZE,2019,Country or economy,Europe,Europe,1.0,1.0,0.0,0.0,0.0,Power sector emissions,Total,Total emissions,mtCO2,43.16,-3.09,-6.68
85504,Czechia,CZE,2020,Country or economy,Europe,Europe,1.0,1.0,0.0,0.0,0.0,Capacity,Aggregate fuel,Clean,GW,8.69,0.06,0.7
85505,Czechia,CZE,2020,Country or economy,Europe,Europe,1.0,1.0,0.0,0.0,0.0,Capacity,Aggregate fuel,Fossil,GW,9.8,-0.49,-4.76
85506,Czechia,CZE,2020,Country or economy,Europe,Europe,1.0,1.0,0.0,0.0,0.0,Capacity,Aggregate fuel,Gas and Other Fossil,GW,1.75,0.02,1.16
85507,Czechia,CZE,2020,Country or economy,Europe,Europe,1.0,1.0,0.0,0.0,0.0,Capacity,Aggregate fuel,"Hydro, Bioenergy and Other Renewables",GW,1.94,0.02,1.04
85508,Czechia,CZE,2020,Country or economy,Europe,Europe,1.0,1.0,0.0,0.0,0.0,Capacity,Aggregate fuel,Renewables,GW,4.4,0.06,1.38
85509,Czechia,CZE,2020,Country or economy,Europe,Europe,1.0,1.0,0.0,0.0,0.0,Capacity,Aggregate fuel,Wind and Solar,GW,2.46,0.04,1.65
85510,Czechia,CZE,2020,Country or economy,Europe,Europe,1.0,1.0,0.0,0.0,0.0,Capacity,Fuel,Bioenergy,GW,0.82,0.02,2.5
85511,Czechia,CZE,2020,Country or economy,Europe,Europe,1.0,1.0,0.0,0.0,0.0,Capacity,Fuel,Coal,GW,8.05,-0.51,-5.96
85512,Czechia,CZE,2020,Country or economy,Europe,Europe,1.0,1.0,0.0,0.0,0.0,Capacity,Fuel,Gas,GW,1.72,0.02,1.18
85513,Czechia,CZE,2020,Country or economy,Europe,Europe,1.0,1.0,0.0,0.0,0.0,Capacity,Fuel,Hydro,GW,1.09,0.0,0.0
85514,Czechia,CZE,2020,Country or economy,Europe,Europe,1.0,1.0,0.0,0.0,0.0,Capacity,Fuel,Nuclear,GW,4.29,0.0,0.0
85515,Czechia,CZE,2020,Country or economy,Europe,Europe,1.0,1.0,0.0,0.0,0.0,Capacity,Fuel,Other Fossil,GW,0.03,0.0,0.0
85516,Czechia,CZE,2020,Country or economy,Europe,Europe,1.0,1.0,0.0,0.0,0.0,Capacity,Fuel,Other Renewables,GW,0.03,0.0,0.0
85517,Czechia,CZE,2020,Country or economy,Europe,Europe,1.0,1.0,0.0,0.0,0.0,Capacity,Fuel,Solar,GW,2.12,0.04,1.92
85518,Czechia,CZE,2020,Country or economy,Europe,Europe,1.0,1.0,0.0,0.0,0.0,Capacity,Fuel,Wind,GW,0.34,0.0,0.0
85519,Czechia,CZE,2020,Country or economy,Europe,Europe,1.0,1.0,0.0,0.0,0.0,Electricity demand,Demand,Demand,TWh,69.95,-2.67,-3.68
85520,Czechia,CZE,2020,Country or economy,Europe,Europe,1.0,1.0,0.0,0.0,0.0,Electricity demand,Demand per capita,Demand per capita,MWh,6.63,-0.25,-3.63
85521,Czechia,CZE,2020,Country or economy,Europe,Europe,1.0,1.0,0.0,0.0,0.0,Electricity generation,Aggregate fuel,Clean,%,50.4,,
85522,Czechia,CZE,2020,Country or economy,Europe,Europe,1.0,1.0,0.0,0.0,0.0,Electricity generation,Aggregate fuel,Fossil,%,49.59,,
85523,Czechia,CZE,2020,Country or economy,Europe,Europe,1.0,1.0,0.0,0.0,0.0,Electricity generation,Aggregate fuel,Gas and Other Fossil,%,10.89,,
85524,Czechia,CZE,2020,Country or economy,Europe,Europe,1.0,1.0,0.0,0.0,0.0,Electricity generation,Aggregate fuel,"Hydro, Bioenergy and Other Renewables",%,9.17,,
85525,Czechia,CZE,2020,Country or economy,Europe,Europe,1.0,1.0,0.0,0.0,0.0,Electricity generation,Aggregate fuel,Renewables,%,12.9,,
85526,Czechia,CZE,2020,Country or economy,Europe,Europe,1.0,1.0,0.0,0.0,0.0,Electricity generation,Aggregate fuel,Wind and Solar,%,3.73,,
85527,Czechia,CZE,2020,Country or economy,Europe,Europe,1.0,1.0,0.0,0.0,0.0,Electricity generation,Aggregate fuel,Clean,TWh,40.38,0.07,0.17
85528,Czechia,CZE,2020,Country or economy,Europe,Europe,1.0,1.0,0.0,0.0,0.0,Electricity generation,Aggregate fuel,Fossil,TWh,39.72,-5.69,-12.53
85529,Czechia,CZE,2020,Country or economy,Europe,Europe,1.0,1.0,0.0,0.0,0.0,Electricity generation,Aggregate fuel,Gas and Other Fossil,TWh,8.72,0.64,7.92
85530,Czechia,CZE,2020,Country or economy,Europe,Europe,1.0,1.0,0.0,0.0,0.0,Electricity generation,Aggregate fuel,"Hydro, Bioenergy and Other Renewables",TWh,7.35,0.31,4.4
85531,Czechia,CZE,2020,Country or economy,Europe,Europe,1.0,1.0,0.0,0.0,0.0,Electricity generation,Aggregate fuel,Renewables,TWh,10.34,0.28,2.78
85532,Czechia,CZE,2020,Country or economy,Europe,Europe,1.0,1.0,0.0,0.0,0.0,Electricity generation,Aggregate fuel,Wind and Solar,TWh,2.99,-0.03,-0.99
85533,Czechia,CZE,2020,Country or economy,Europe,Europe,1.0,1.0,0.0,0.0,0.0,Electricity generation,Fuel,Bioenergy,%,6.5,,
85534,Czechia,CZE,2020,Country or economy,Europe,Europe,1.0,1.0,0.0,0.0,0.0,Electricity generation,Fuel,Coal,%,38.7,,
85535,Czechia,CZE,2020,Country or economy,Europe,Europe,1.0,1.0,0.0,0.0,0.0,Electricity generation,Fuel,Gas,%,8.58,,
85536,Czechia,CZE,2020,Country or economy,Europe,Europe,1.0,1.0,0.0,0.0,0.0,Electricity generation,Fuel,Hydro,%,2.67,,
85537,Czechia,CZE,2020,Country or economy,Europe,Europe,1.0,1.0,0.0,0.0,0.0,Electricity generation,Fuel,Nuclear,%,37.5,,
85538,Czechia,CZE,2020,Country or economy,Europe,Europe,1.0,1.0,0.0,0.0,0.0,Electricity generation,Fuel,Other Fossil,%,2.31,,
85539,Czechia,CZE,2020,Country or economy,Europe,Europe,1.0,1.0,0.0,0.0,0.0,Electricity generation,Fuel,Other Renewables,%,0.0,,
85540,Czechia,CZE,2020,Country or economy,Europe,Europe,1.0,1.0,0.0,0.0,0.0,Electricity generation,Fuel,Solar,%,2.86,,
85541,Czechia,CZE,2020,Country or economy,Europe,Europe,1.0,1.0,0.0,0.0,0.0,Electricity generation,Fuel,Wind,%,0.87,,
85542,Czechia,CZE,2020,Country or economy,Europe,Europe,1.0,1.0,0.0,0.0,0.0,Electricity generation,Fuel,Bioenergy,TWh,5.21,0.18,3.58
85543,Czechia,CZE,2020,Country or economy,Europe,Europe,1.0,1.0,0.0,0.0,0.0,Electricity generation,Fuel,Coal,TWh,31.0,-6.33,-16.96
85544,Czechia,CZE,2020,Country or economy,Europe,Europe,1.0,1.0,0.0,0.0,0.0,Electricity generation,Fuel,Gas,TWh,6.87,1.06,18.24
85545,Czechia,CZE,2020,Country or economy,Europe,Europe,1.0,1.0,0.0,0.0,0.0,Electricity generation,Fuel,Hydro,TWh,2.14,0.13,6.47
85546,Czechia,CZE,2020,Country or economy,Europe,Europe,1.0,1.0,0.0,0.0,0.0,Electricity generation,Fuel,Nuclear,TWh,30.04,-0.21,-0.69
85547,Czechia,CZE,2020,Country or economy,Europe,Europe,1.0,1.0,0.0,0.0,0.0,Electricity generation,Fuel,Other Fossil,TWh,1.85,-0.42,-18.5
85548,Czechia,CZE,2020,Country or economy,Europe,Europe,1.0,1.0,0.0,0.0,0.0,Electricity generation,Fuel,Other Renewables,TWh,0.0,0.0,
85549,Czechia,CZE,2020,Country or economy,Europe,Europe,1.0,1.0,0.0,0.0,0.0,Electricity generation,Fuel,Solar,TWh,2.29,-0.03,-1.29
85550,Czechia,CZE,2020,Country or economy,Europe,Europe,1.0,1.0,0.0,0.0,0.0,Electricity generation,Fuel,Wind,TWh,0.7,0.0,0.0
85551,Czechia,CZE,2020,Country or economy,Europe,Europe,1.0,1.0,0.0,0.0,0.0,Electricity generation,Total,Total Generation,TWh,80.1,-5.62,-6.56
85552,Czechia,CZE,2020,Country or economy,Europe,Europe,1.0,1.0,0.0,0.0,0.0,Electricity imports,Electricity imports,Net Imports,TWh,-10.15,2.95,
85553,Czechia,CZE,2020,Country or economy,Europe,Europe,1.0,1.0,0.0,0.0,0.0,Power sector emissions,Aggregate fuel,Clean,mtCO2,1.44,0.03,2.13
85554,Czechia,CZE,2020,Country or economy,Europe,Europe,1.0,1.0,0.0,0.0,0.0,Power sector emissions,Aggregate fuel,Fossil,mtCO2,35.42,-6.33,-15.16
85555,Czechia,CZE,2020,Country or economy,Europe,Europe,1.0,1.0,0.0,0.0,0.0,Power sector emissions,Aggregate fuel,Gas and Other Fossil,mtCO2,4.14,0.18,4.55
85556,Czechia,CZE,2020,Country or economy,Europe,Europe,1.0,1.0,0.0,0.0,0.0,Power sector emissions,Aggregate fuel,"Hydro, Bioenergy and Other Renewables",mtCO2,1.18,0.04,3.51
85557,Czechia,CZE,2020,Country or economy,Europe,Europe,1.0,1.0,0.0,0.0,0.0,Power sector emissions,Aggregate fuel,Renewables,mtCO2,1.3,0.04,3.17
85558,Czechia,CZE,2020,Country or economy,Europe,Europe,1.0,1.0,0.0,0.0,0.0,Power sector emissions,Aggregate fuel,Wind and Solar,mtCO2,0.12,0.0,0.0
85559,Czechia,CZE,2020,Country or economy,Europe,Europe,1.0,1.0,0.0,0.0,0.0,Power sector emissions,CO2 intensity,CO2 intensity,gCO2/kWh,460.18,-43.32,-8.6
85560,Czechia,CZE,2020,Country or economy,Europe,Europe,1.0,1.0,0.0,0.0,0.0,Power sector emissions,Fuel,Bioenergy,mtCO2,1.13,0.04,3.67
85561,Czechia,CZE,2020,Country or economy,Europe,Europe,1.0,1.0,0.0,0.0,0.0,Power sector emissions,Fuel,Coal,mtCO2,31.28,-6.51,-17.23
85562,Czechia,CZE,2020,Country or economy,Europe,Europe,1.0,1.0,0.0,0.0,0.0,Power sector emissions,Fuel,Gas,mtCO2,2.92,0.45,18.22
85563,Czechia,CZE,2020,Country or economy,Europe,Europe,1.0,1.0,0.0,0.0,0.0,Power sector emissions,Fuel,Hydro,mtCO2,0.05,0.0,0.0
85564,Czechia,CZE,2020,Country or economy,Europe,Europe,1.0,1.0,0.0,0.0,0.0,Power sector emissions,Fuel,Nuclear,mtCO2,0.14,-0.01,-6.67
85565,Czechia,CZE,2020,Country or economy,Europe,Europe,1.0,1.0,0.0,0.0,0.0,Power sector emissions,Fuel,Other Fossil,mtCO2,1.22,-0.27,-18.12
85566,Czechia,CZE,2020,Country or economy,Europe,Europe,1.0,1.0,0.0,0.0,0.0,Power sector emissions,Fuel,Other Renewables,mtCO2,0.0,0.0,
85567,Czechia,CZE,2020,Country or economy,Europe,Europe,1.0,1.0,0.0,0.0,0.0,Power sector emissions,Fuel,Solar,mtCO2,0.11,0.0,0.0
85568,Czechia,CZE,2020,Country or economy,Europe,Europe,1.0,1.0,0.0,0.0,0.0,Power sector emissions,Fuel,Wind,mtCO2,0.01,0.0,0.0
85569,Czechia,CZE,2020,Country or economy,Europe,Europe,1.0,1.0,0.0,0.0,0.0,Power sector emissions,Total,Total emissions,mtCO2,36.86,-6.3,-14.6
85570,Czechia,CZE,2021,Country or economy,Europe,Europe,1.0,1.0,0.0,0.0,0.0,Capacity,Aggregate fuel,Clean,GW,8.78,0.09,1.04
85571,Czechia,CZE,2021,Country or economy,Europe,Europe,1.0,1.0,0.0,0.0,0.0,Capacity,Aggregate fuel,Fossil,GW,9.25,-0.55,-5.61
85572,Czechia,CZE,2021,Country or economy,Europe,Europe,1.0,1.0,0.0,0.0,0.0,Capacity,Aggregate fuel,Gas and Other Fossil,GW,1.75,0.0,0.0
85573,Czechia,CZE,2021,Country or economy,Europe,Europe,1.0,1.0,0.0,0.0,0.0,Capacity,Aggregate fuel,"Hydro, Bioenergy and Other Renewables",GW,1.97,0.03,1.55
85574,Czechia,CZE,2021,Country or economy,Europe,Europe,1.0,1.0,0.0,0.0,0.0,Capacity,Aggregate fuel,Renewables,GW,4.49,0.09,2.05
85575,Czechia,CZE,2021,Country or economy,Europe,Europe,1.0,1.0,0.0,0.0,0.0,Capacity,Aggregate fuel,Wind and Solar,GW,2.52,0.06,2.44
85576,Czechia,CZE,2021,Country or economy,Europe,Europe,1.0,1.0,0.0,0.0,0.0,Capacity,Fuel,Bioenergy,GW,0.83,0.01,1.22
85577,Czechia,CZE,2021,Country or economy,Europe,Europe,1.0,1.0,0.0,0.0,0.0,Capacity,Fuel,Coal,GW,7.5,-0.55,-6.83
85578,Czechia,CZE,2021,Country or economy,Europe,Europe,1.0,1.0,0.0,0.0,0.0,Capacity,Fuel,Gas,GW,1.72,0.0,0.0
85579,Czechia,CZE,2021,Country or economy,Europe,Europe,1.0,1.0,0.0,0.0,0.0,Capacity,Fuel,Hydro,GW,1.11,0.02,1.83
85580,Czechia,CZE,2021,Country or economy,Europe,Europe,1.0,1.0,0.0,0.0,0.0,Capacity,Fuel,Nuclear,GW,4.29,0.0,0.0
85581,Czechia,CZE,2021,Country or economy,Europe,Europe,1.0,1.0,0.0,0.0,0.0,Capacity,Fuel,Other Fossil,GW,0.03,0.0,0.0
85582,Czechia,CZE,2021,Country or economy,Europe,Europe,1.0,1.0,0.0,0.0,0.0,Capacity,Fuel,Other Renewables,GW,0.03,0.0,0.0
85583,Czechia,CZE,2021,Country or economy,Europe,Europe,1.0,1.0,0.0,0.0,0.0,Capacity,Fuel,Solar,GW,2.18,0.06,2.83
85584,Czechia,CZE,2021,Country or economy,Europe,Europe,1.0,1.0,0.0,0.0,0.0,Capacity,Fuel,Wind,GW,0.34,0.0,0.0
85585,Czechia,CZE,2021,Country or economy,Europe,Europe,1.0,1.0,0.0,0.0,0.0,Electricity demand,Demand,Demand,TWh,72.58,2.63,3.76
85586,Czechia,CZE,2021,Country or economy,Europe,Europe,1.0,1.0,0.0,0.0,0.0,Electricity demand,Demand per capita,Demand per capita,MWh,6.89,0.26,3.92
85587,Czechia,CZE,2021,Country or economy,Europe,Europe,1.0,1.0,0.0,0.0,0.0,Electricity generation,Aggregate fuel,Clean,%,49.45,,
85588,Czechia,CZE,2021,Country or economy,Europe,Europe,1.0,1.0,0.0,0.0,0.0,Electricity generation,Aggregate fuel,Fossil,%,50.56,,
85589,Czechia,CZE,2021,Country or economy,Europe,Europe,1.0,1.0,0.0,0.0,0.0,Electricity generation,Aggregate fuel,Gas and Other Fossil,%,9.7,,
85590,Czechia,CZE,2021,Country or economy,Europe,Europe,1.0,1.0,0.0,0.0,0.0,Electricity generation,Aggregate fuel,"Hydro, Bioenergy and Other Renewables",%,9.31,,
85591,Czechia,CZE,2021,Country or economy,Europe,Europe,1.0,1.0,0.0,0.0,0.0,Electricity generation,Aggregate fuel,Renewables,%,12.72,,
85592,Czechia,CZE,2021,Country or economy,Europe,Europe,1.0,1.0,0.0,0.0,0.0,Electricity generation,Aggregate fuel,Wind and Solar,%,3.41,,
85593,Czechia,CZE,2021,Country or economy,Europe,Europe,1.0,1.0,0.0,0.0,0.0,Electricity generation,Aggregate fuel,Clean,TWh,41.37,0.99,2.45
85594,Czechia,CZE,2021,Country or economy,Europe,Europe,1.0,1.0,0.0,0.0,0.0,Electricity generation,Aggregate fuel,Fossil,TWh,42.29,2.57,6.47
85595,Czechia,CZE,2021,Country or economy,Europe,Europe,1.0,1.0,0.0,0.0,0.0,Electricity generation,Aggregate fuel,Gas and Other Fossil,TWh,8.11,-0.61,-7.0
85596,Czechia,CZE,2021,Country or economy,Europe,Europe,1.0,1.0,0.0,0.0,0.0,Electricity generation,Aggregate fuel,"Hydro, Bioenergy and Other Renewables",TWh,7.79,0.44,5.99
85597,Czechia,CZE,2021,Country or economy,Europe,Europe,1.0,1.0,0.0,0.0,0.0,Electricity generation,Aggregate fuel,Renewables,TWh,10.64,0.3,2.9
85598,Czechia,CZE,2021,Country or economy,Europe,Europe,1.0,1.0,0.0,0.0,0.0,Electricity generation,Aggregate fuel,Wind and Solar,TWh,2.85,-0.14,-4.68
85599,Czechia,CZE,2021,Country or economy,Europe,Europe,1.0,1.0,0.0,0.0,0.0,Electricity generation,Fuel,Bioenergy,%,6.43,,
85600,Czechia,CZE,2021,Country or economy,Europe,Europe,1.0,1.0,0.0,0.0,0.0,Electricity generation,Fuel,Coal,%,40.86,,
85601,Czechia,CZE,2021,Country or economy,Europe,Europe,1.0,1.0,0.0,0.0,0.0,Electricity generation,Fuel,Gas,%,8.74,,
85602,Czechia,CZE,2021,Country or economy,Europe,Europe,1.0,1.0,0.0,0.0,0.0,Electricity generation,Fuel,Hydro,%,2.88,,
85603,Czechia,CZE,2021,Country or economy,Europe,Europe,1.0,1.0,0.0,0.0,0.0,Electricity generation,Fuel,Nuclear,%,36.73,,
85604,Czechia,CZE,2021,Country or economy,Europe,Europe,1.0,1.0,0.0,0.0,0.0,Electricity generation,Fuel,Other Fossil,%,0.96,,
85605,Czechia,CZE,2021,Country or economy,Europe,Europe,1.0,1.0,0.0,0.0,0.0,Electricity generation,Fuel,Other Renewables,%,0.0,,
85606,Czechia,CZE,2021,Country or economy,Europe,Europe,1.0,1.0,0.0,0.0,0.0,Electricity generation,Fuel,Solar,%,2.69,,
85607,Czechia,CZE,2021,Country or economy,Europe,Europe,1.0,1.0,0.0,0.0,0.0,Electricity generation,Fuel,Wind,%,0.72,,
85608,Czechia,CZE,2021,Country or economy,Europe,Europe,1.0,1.0,0.0,0.0,0.0,Electricity generation,Fuel,Bioenergy,TWh,5.38,0.17,3.26
85609,Czechia,CZE,2021,Country or economy,Europe,Europe,1.0,1.0,0.0,0.0,0.0,Electricity generation,Fuel,Coal,TWh,34.18,3.18,10.26
85610,Czechia,CZE,2021,Country or economy,Europe,Europe,1.0,1.0,0.0,0.0,0.0,Electricity generation,Fuel,Gas,TWh,7.31,0.44,6.4
85611,Czechia,CZE,2021,Country or economy,Europe,Europe,1.0,1.0,0.0,0.0,0.0,Electricity generation,Fuel,Hydro,TWh,2.41,0.27,12.62
85612,Czechia,CZE,2021,Country or economy,Europe,Europe,1.0,1.0,0.0,0.0,0.0,Electricity generation,Fuel,Nuclear,TWh,30.73,0.69,2.3
85613,Czechia,CZE,2021,Country or economy,Europe,Europe,1.0,1.0,0.0,0.0,0.0,Electricity generation,Fuel,Other Fossil,TWh,0.8,-1.05,-56.76
85614,Czechia,CZE,2021,Country or economy,Europe,Europe,1.0,1.0,0.0,0.0,0.0,Electricity generation,Fuel,Other Renewables,TWh,0.0,0.0,
85615,Czechia,CZE,2021,Country or economy,Europe,Europe,1.0,1.0,0.0,0.0,0.0,Electricity generation,Fuel,Solar,TWh,2.25,-0.04,-1.75
85616,Czechia,CZE,2021,Country or economy,Europe,Europe,1.0,1.0,0.0,0.0,0.0,Electricity generation,Fuel,Wind,TWh,0.6,-0.1,-14.29
85617,Czechia,CZE,2021,Country or economy,Europe,Europe,1.0,1.0,0.0,0.0,0.0,Electricity generation,Total,Total Generation,TWh,83.66,3.56,4.44
85618,Czechia,CZE,2021,Country or economy,Europe,Europe,1.0,1.0,0.0,0.0,0.0,Electricity imports,Electricity imports,Net Imports,TWh,-11.08,-0.93,
85619,Czechia,CZE,2021,Country or economy,Europe,Europe,1.0,1.0,0.0,0.0,0.0,Power sector emissions,Aggregate fuel,Clean,mtCO2,1.49,0.05,3.47
85620,Czechia,CZE,2021,Country or economy,Europe,Europe,1.0,1.0,0.0,0.0,0.0,Power sector emissions,Aggregate fuel,Fossil,mtCO2,37.98,2.56,7.23
85621,Czechia,CZE,2021,Country or economy,Europe,Europe,1.0,1.0,0.0,0.0,0.0,Power sector emissions,Aggregate fuel,Gas and Other Fossil,mtCO2,3.64,-0.5,-12.08
85622,Czechia,CZE,2021,Country or economy,Europe,Europe,1.0,1.0,0.0,0.0,0.0,Power sector emissions,Aggregate fuel,"Hydro, Bioenergy and Other Renewables",mtCO2,1.22,0.04,3.39
85623,Czechia,CZE,2021,Country or economy,Europe,Europe,1.0,1.0,0.0,0.0,0.0,Power sector emissions,Aggregate fuel,Renewables,mtCO2,1.34,0.04,3.08
85624,Czechia,CZE,2021,Country or economy,Europe,Europe,1.0,1.0,0.0,0.0,0.0,Power sector emissions,Aggregate fuel,Wind and Solar,mtCO2,0.12,0.0,0.0
85625,Czechia,CZE,2021,Country or economy,Europe,Europe,1.0,1.0,0.0,0.0,0.0,Power sector emissions,CO2 intensity,CO2 intensity,gCO2/kWh,471.79,11.61,2.52
85626,Czechia,CZE,2021,Country or economy,Europe,Europe,1.0,1.0,0.0,0.0,0.0,Power sector emissions,Fuel,Bioenergy,mtCO2,1.16,0.03,2.65
85627,Czechia,CZE,2021,Country or economy,Europe,Europe,1.0,1.0,0.0,0.0,0.0,Power sector emissions,Fuel,Coal,mtCO2,34.34,3.06,9.78
85628,Czechia,CZE,2021,Country or economy,Europe,Europe,1.0,1.0,0.0,0.0,0.0,Power sector emissions,Fuel,Gas,mtCO2,3.11,0.19,6.51
85629,Czechia,CZE,2021,Country or economy,Europe,Europe,1.0,1.0,0.0,0.0,0.0,Power sector emissions,Fuel,Hydro,mtCO2,0.06,0.01,20.0
85630,Czechia,CZE,2021,Country or economy,Europe,Europe,1.0,1.0,0.0,0.0,0.0,Power sector emissions,Fuel,Nuclear,mtCO2,0.15,0.01,7.14
85631,Czechia,CZE,2021,Country or economy,Europe,Europe,1.0,1.0,0.0,0.0,0.0,Power sector emissions,Fuel,Other Fossil,mtCO2,0.53,-0.69,-56.56
85632,Czechia,CZE,2021,Country or economy,Europe,Europe,1.0,1.0,0.0,0.0,0.0,Power sector emissions,Fuel,Other Renewables,mtCO2,0.0,0.0,
85633,Czechia,CZE,2021,Country or economy,Europe,Europe,1.0,1.0,0.0,0.0,0.0,Power sector emissions,Fuel,Solar,mtCO2,0.11,0.0,0.0
85634,Czechia,CZE,2021,Country or economy,Europe,Europe,1.0,1.0,0.0,0.0,0.0,Power sector emissions,Fuel,Wind,mtCO2,0.01,0.0,0.0
85635,Czechia,CZE,2021,Country or economy,Europe,Europe,1.0,1.0,0.0,0.0,0.0,Power sector emissions,Total,Total emissions,mtCO2,39.47,2.61,7.08
85636,Czechia,CZE,2022,Country or economy,Europe,Europe,1.0,1.0,0.0,0.0,0.0,Capacity,Aggregate fuel,Clean,GW,9.0,0.22,2.51
85637,Czechia,CZE,2022,Country or economy,Europe,Europe,1.0,1.0,0.0,0.0,0.0,Capacity,Aggregate fuel,Fossil,GW,9.26,0.01,0.11
85638,Czechia,CZE,2022,Country or economy,Europe,Europe,1.0,1.0,0.0,0.0,0.0,Capacity,Aggregate fuel,Gas and Other Fossil,GW,1.76,0.01,0.57
85639,Czechia,CZE,2022,Country or economy,Europe,Europe,1.0,1.0,0.0,0.0,0.0,Capacity,Aggregate fuel,"Hydro, Bioenergy and Other Renewables",GW,1.97,0.0,0.0
85640,Czechia,CZE,2022,Country or economy,Europe,Europe,1.0,1.0,0.0,0.0,0.0,Capacity,Aggregate fuel,Renewables,GW,4.71,0.22,4.9
85641,Czechia,CZE,2022,Country or economy,Europe,Europe,1.0,1.0,0.0,0.0,0.0,Capacity,Aggregate fuel,Wind and Solar,GW,2.74,0.22,8.73
85642,Czechia,CZE,2022,Country or economy,Europe,Europe,1.0,1.0,0.0,0.0,0.0,Capacity,Fuel,Bioenergy,GW,0.83,0.0,0.0
85643,Czechia,CZE,2022,Country or economy,Europe,Europe,1.0,1.0,0.0,0.0,0.0,Capacity,Fuel,Coal,GW,7.5,0.0,0.0
85644,Czechia,CZE,2022,Country or economy,Europe,Europe,1.0,1.0,0.0,0.0,0.0,Capacity,Fuel,Gas,GW,1.72,0.0,0.0
85645,Czechia,CZE,2022,Country or economy,Europe,Europe,1.0,1.0,0.0,0.0,0.0,Capacity,Fuel,Hydro,GW,1.11,0.0,0.0
85646,Czechia,CZE,2022,Country or economy,Europe,Europe,1.0,1.0,0.0,0.0,0.0,Capacity,Fuel,Nuclear,GW,4.29,0.0,0.0
85647,Czechia,CZE,2022,Country or economy,Europe,Europe,1.0,1.0,0.0,0.0,0.0,Capacity,Fuel,Other Fossil,GW,0.04,0.01,33.33
85648,Czechia,CZE,2022,Country or economy,Europe,Europe,1.0,1.0,0.0,0.0,0.0,Capacity,Fuel,Other Renewables,GW,0.03,0.0,0.0
85649,Czechia,CZE,2022,Country or economy,Europe,Europe,1.0,1.0,0.0,0.0,0.0,Capacity,Fuel,Solar,GW,2.4,0.22,10.09
85650,Czechia,CZE,2022,Country or economy,Europe,Europe,1.0,1.0,0.0,0.0,0.0,Capacity,Fuel,Wind,GW,0.34,0.0,0.0
85651,Czechia,CZE,2022,Country or economy,Europe,Europe,1.0,1.0,0.0,0.0,0.0,Electricity demand,Demand,Demand,TWh,70.2,-2.38,-3.28
85652,Czechia,CZE,2022,Country or economy,Europe,Europe,1.0,1.0,0.0,0.0,0.0,Electricity demand,Demand per capita,Demand per capita,MWh,6.58,-0.31,-4.5
85653,Czechia,CZE,2022,Country or economy,Europe,Europe,1.0,1.0,0.0,0.0,0.0,Electricity generation,Aggregate fuel,Clean,%,49.91,,
85654,Czechia,CZE,2022,Country or economy,Europe,Europe,1.0,1.0,0.0,0.0,0.0,Electricity generation,Aggregate fuel,Fossil,%,50.09,,
85655,Czechia,CZE,2022,Country or economy,Europe,Europe,1.0,1.0,0.0,0.0,0.0,Electricity generation,Aggregate fuel,Gas and Other Fossil,%,6.04,,
85656,Czechia,CZE,2022,Country or economy,Europe,Europe,1.0,1.0,0.0,0.0,0.0,Electricity generation,Aggregate fuel,"Hydro, Bioenergy and Other Renewables",%,8.96,,
85657,Czechia,CZE,2022,Country or economy,Europe,Europe,1.0,1.0,0.0,0.0,0.0,Electricity generation,Aggregate fuel,Renewables,%,12.86,,
85658,Czechia,CZE,2022,Country or economy,Europe,Europe,1.0,1.0,0.0,0.0,0.0,Electricity generation,Aggregate fuel,Wind and Solar,%,3.9,,
85659,Czechia,CZE,2022,Country or economy,Europe,Europe,1.0,1.0,0.0,0.0,0.0,Electricity generation,Aggregate fuel,Clean,TWh,41.79,0.42,1.02
85660,Czechia,CZE,2022,Country or economy,Europe,Europe,1.0,1.0,0.0,0.0,0.0,Electricity generation,Aggregate fuel,Fossil,TWh,41.94,-0.35,-0.83
85661,Czechia,CZE,2022,Country or economy,Europe,Europe,1.0,1.0,0.0,0.0,0.0,Electricity generation,Aggregate fuel,Gas and Other Fossil,TWh,5.06,-3.05,-37.61
85662,Czechia,CZE,2022,Country or economy,Europe,Europe,1.0,1.0,0.0,0.0,0.0,Electricity generation,Aggregate fuel,"Hydro, Bioenergy and Other Renewables",TWh,7.5,-0.29,-3.72
85663,Czechia,CZE,2022,Country or economy,Europe,Europe,1.0,1.0,0.0,0.0,0.0,Electricity generation,Aggregate fuel,Renewables,TWh,10.77,0.13,1.22
85664,Czechia,CZE,2022,Country or economy,Europe,Europe,1.0,1.0,0.0,0.0,0.0,Electricity generation,Aggregate fuel,Wind and Solar,TWh,3.27,0.42,14.74
85665,Czechia,CZE,2022,Country or economy,Europe,Europe,1.0,1.0,0.0,0.0,0.0,Electricity generation,Fuel,Bioenergy,%,6.46,,
85666,Czechia,CZE,2022,Country or economy,Europe,Europe,1.0,1.0,0.0,0.0,0.0,Electricity generation,Fuel,Coal,%,44.05,,
85667,Czechia,CZE,2022,Country or economy,Europe,Europe,1.0,1.0,0.0,0.0,0.0,Electricity generation,Fuel,Gas,%,5.17,,
85668,Czechia,CZE,2022,Country or economy,Europe,Europe,1.0,1.0,0.0,0.0,0.0,Electricity generation,Fuel,Hydro,%,2.5,,
85669,Czechia,CZE,2022,Country or economy,Europe,Europe,1.0,1.0,0.0,0.0,0.0,Electricity generation,Fuel,Nuclear,%,37.05,,
85670,Czechia,CZE,2022,Country or economy,Europe,Europe,1.0,1.0,0.0,0.0,0.0,Electricity generation,Fuel,Other Fossil,%,0.87,,
85671,Czechia,CZE,2022,Country or economy,Europe,Europe,1.0,1.0,0.0,0.0,0.0,Electricity generation,Fuel,Other Renewables,%,0.0,,
85672,Czechia,CZE,2022,Country or economy,Europe,Europe,1.0,1.0,0.0,0.0,0.0,Electricity generation,Fuel,Solar,%,3.14,,
85673,Czechia,CZE,2022,Country or economy,Europe,Europe,1.0,1.0,0.0,0.0,0.0,Electricity generation,Fuel,Wind,%,0.76,,
85674,Czechia,CZE,2022,Country or economy,Europe,Europe,1.0,1.0,0.0,0.0,0.0,Electricity generation,Fuel,Bioenergy,TWh,5.41,0.03,0.56
85675,Czechia,CZE,2022,Country or economy,Europe,Europe,1.0,1.0,0.0,0.0,0.0,Electricity generation,Fuel,Coal,TWh,36.88,2.7,7.9
85676,Czechia,CZE,2022,Country or economy,Europe,Europe,1.0,1.0,0.0,0.0,0.0,Electricity generation,Fuel,Gas,TWh,4.33,-2.98,-40.77
85677,Czechia,CZE,2022,Country or economy,Europe,Europe,1.0,1.0,0.0,0.0,0.0,Electricity generation,Fuel,Hydro,TWh,2.09,-0.32,-13.28
85678,Czechia,CZE,2022,Country or economy,Europe,Europe,1.0,1.0,0.0,0.0,0.0,Electricity generation,Fuel,Nuclear,TWh,31.02,0.29,0.94
85679,Czechia,CZE,2022,Country or economy,Europe,Europe,1.0,1.0,0.0,0.0,0.0,Electricity generation,Fuel,Other Fossil,TWh,0.73,-0.07,-8.75
85680,Czechia,CZE,2022,Country or economy,Europe,Europe,1.0,1.0,0.0,0.0,0.0,Electricity generation,Fuel,Other Renewables,TWh,0.0,0.0,
85681,Czechia,CZE,2022,Country or economy,Europe,Europe,1.0,1.0,0.0,0.0,0.0,Electricity generation,Fuel,Solar,TWh,2.63,0.38,16.89
85682,Czechia,CZE,2022,Country or economy,Europe,Europe,1.0,1.0,0.0,0.0,0.0,Electricity generation,Fuel,Wind,TWh,0.64,0.04,6.67
85683,Czechia,CZE,2022,Country or economy,Europe,Europe,1.0,1.0,0.0,0.0,0.0,Electricity generation,Total,Total Generation,TWh,83.73,0.07,0.08
85684,Czechia,CZE,2022,Country or economy,Europe,Europe,1.0,1.0,0.0,0.0,0.0,Electricity imports,Electricity imports,Net Imports,TWh,-13.53,-2.45,
85685,Czechia,CZE,2022,Country or economy,Europe,Europe,1.0,1.0,0.0,0.0,0.0,Power sector emissions,Aggregate fuel,Clean,mtCO2,1.5,0.01,0.67
85686,Czechia,CZE,2022,Country or economy,Europe,Europe,1.0,1.0,0.0,0.0,0.0,Power sector emissions,Aggregate fuel,Fossil,mtCO2,39.39,1.41,3.71
85687,Czechia,CZE,2022,Country or economy,Europe,Europe,1.0,1.0,0.0,0.0,0.0,Power sector emissions,Aggregate fuel,Gas and Other Fossil,mtCO2,2.32,-1.32,-36.26
85688,Czechia,CZE,2022,Country or economy,Europe,Europe,1.0,1.0,0.0,0.0,0.0,Power sector emissions,Aggregate fuel,"Hydro, Bioenergy and Other Renewables",mtCO2,1.22,0.0,0.0
85689,Czechia,CZE,2022,Country or economy,Europe,Europe,1.0,1.0,0.0,0.0,0.0,Power sector emissions,Aggregate fuel,Renewables,mtCO2,1.35,0.01,0.75
85690,Czechia,CZE,2022,Country or economy,Europe,Europe,1.0,1.0,0.0,0.0,0.0,Power sector emissions,Aggregate fuel,Wind and Solar,mtCO2,0.13,0.01,8.33
85691,Czechia,CZE,2022,Country or economy,Europe,Europe,1.0,1.0,0.0,0.0,0.0,Power sector emissions,CO2 intensity,CO2 intensity,gCO2/kWh,488.36,16.57,3.51
85692,Czechia,CZE,2022,Country or economy,Europe,Europe,1.0,1.0,0.0,0.0,0.0,Power sector emissions,Fuel,Bioenergy,mtCO2,1.17,0.01,0.86
85693,Czechia,CZE,2022,Country or economy,Europe,Europe,1.0,1.0,0.0,0.0,0.0,Power sector emissions,Fuel,Coal,mtCO2,37.07,2.73,7.95
85694,Czechia,CZE,2022,Country or economy,Europe,Europe,1.0,1.0,0.0,0.0,0.0,Power sector emissions,Fuel,Gas,mtCO2,1.84,-1.27,-40.84
85695,Czechia,CZE,2022,Country or economy,Europe,Europe,1.0,1.0,0.0,0.0,0.0,Power sector emissions,Fuel,Hydro,mtCO2,0.05,-0.01,-16.67
85696,Czechia,CZE,2022,Country or economy,Europe,Europe,1.0,1.0,0.0,0.0,0.0,Power sector emissions,Fuel,Nuclear,mtCO2,0.15,0.0,0.0
85697,Czechia,CZE,2022,Country or economy,Europe,Europe,1.0,1.0,0.0,0.0,0.0,Power sector emissions,Fuel,Other Fossil,mtCO2,0.48,-0.05,-9.43
85698,Czechia,CZE,2022,Country or economy,Europe,Europe,1.0,1.0,0.0,0.0,0.0,Power sector emissions,Fuel,Other Renewables,mtCO2,0.0,0.0,
85699,Czechia,CZE,2022,Country or economy,Europe,Europe,1.0,1.0,0.0,0.0,0.0,Power sector emissions,Fuel,Solar,mtCO2,0.12,0.01,9.09
85700,Czechia,CZE,2022,Country or economy,Europe,Europe,1.0,1.0,0.0,0.0,0.0,Power sector emissions,Fuel,Wind,mtCO2,0.01,0.0,0.0
85701,Czechia,CZE,2022,Country or economy,Europe,Europe,1.0,1.0,0.0,0.0,0.0,Power sector emissions,Total,Total emissions,mtCO2,40.89,1.42,3.6
85702,Czechia,CZE,2023,Country or economy,Europe,Europe,1.0,1.0,0.0,0.0,0.0,Capacity,Aggregate fuel,Clean,GW,9.81,0.81,9.0
85703,Czechia,CZE,2023,Country or economy,Europe,Europe,1.0,1.0,0.0,0.0,0.0,Capacity,Aggregate fuel,Fossil,GW,9.23,-0.03,-0.32
85704,Czechia,CZE,2023,Country or economy,Europe,Europe,1.0,1.0,0.0,0.0,0.0,Capacity,Aggregate fuel,Gas and Other Fossil,GW,1.77,0.01,0.57
85705,Czechia,CZE,2023,Country or economy,Europe,Europe,1.0,1.0,0.0,0.0,0.0,Capacity,Aggregate fuel,"Hydro, Bioenergy and Other Renewables",GW,1.94,-0.03,-1.52
85706,Czechia,CZE,2023,Country or economy,Europe,Europe,1.0,1.0,0.0,0.0,0.0,Capacity,Aggregate fuel,Renewables,GW,5.52,0.81,17.2
85707,Czechia,CZE,2023,Country or economy,Europe,Europe,1.0,1.0,0.0,0.0,0.0,Capacity,Aggregate fuel,Wind and Solar,GW,3.58,0.84,30.66
85708,Czechia,CZE,2023,Country or economy,Europe,Europe,1.0,1.0,0.0,0.0,0.0,Capacity,Fuel,Bioenergy,GW,0.79,-0.04,-4.82
85709,Czechia,CZE,2023,Country or economy,Europe,Europe,1.0,1.0,0.0,0.0,0.0,Capacity,Fuel,Coal,GW,7.46,-0.04,-0.53
85710,Czechia,CZE,2023,Country or economy,Europe,Europe,1.0,1.0,0.0,0.0,0.0,Capacity,Fuel,Gas,GW,1.72,0.0,0.0
85711,Czechia,CZE,2023,Country or economy,Europe,Europe,1.0,1.0,0.0,0.0,0.0,Capacity,Fuel,Hydro,GW,1.12,0.01,0.9
85712,Czechia,CZE,2023,Country or economy,Europe,Europe,1.0,1.0,0.0,0.0,0.0,Capacity,Fuel,Nuclear,GW,4.29,0.0,0.0
85713,Czechia,CZE,2023,Country or economy,Europe,Europe,1.0,1.0,0.0,0.0,0.0,Capacity,Fuel,Other Fossil,GW,0.05,0.01,25.0
85714,Czechia,CZE,2023,Country or economy,Europe,Europe,1.0,1.0,0.0,0.0,0.0,Capacity,Fuel,Other Renewables,GW,0.03,0.0,0.0
85715,Czechia,CZE,2023,Country or economy,Europe,Europe,1.0,1.0,0.0,0.0,0.0,Capacity,Fuel,Solar,GW,3.24,0.84,35.0
85716,Czechia,CZE,2023,Country or economy,Europe,Europe,1.0,1.0,0.0,0.0,0.0,Capacity,Fuel,Wind,GW,0.34,0.0,0.0
85717,Czechia,CZE,2023,Country or economy,Europe,Europe,1.0,1.0,0.0,0.0,0.0,Electricity demand,Demand,Demand,TWh,66.62,-3.58,-5.1
85718,Czechia,CZE,2023,Country or economy,Europe,Europe,1.0,1.0,0.0,0.0,0.0,Electricity demand,Demand per capita,Demand per capita,MWh,6.16,-0.42,-6.38
85719,Czechia,CZE,2023,Country or economy,Europe,Europe,1.0,1.0,0.0,0.0,0.0,Electricity generation,Aggregate fuel,Clean,%,54.81,,
85720,Czechia,CZE,2023,Country or economy,Europe,Europe,1.0,1.0,0.0,0.0,0.0,Electricity generation,Aggregate fuel,Fossil,%,45.18,,
85721,Czechia,CZE,2023,Country or economy,Europe,Europe,1.0,1.0,0.0,0.0,0.0,Electricity generation,Aggregate fuel,Gas and Other Fossil,%,5.68,,
85722,Czechia,CZE,2023,Country or economy,Europe,Europe,1.0,1.0,0.0,0.0,0.0,Electricity generation,Aggregate fuel,"Hydro, Bioenergy and Other Renewables",%,9.96,,
85723,Czechia,CZE,2023,Country or economy,Europe,Europe,1.0,1.0,0.0,0.0,0.0,Electricity generation,Aggregate fuel,Renewables,%,14.69,,
85724,Czechia,CZE,2023,Country or economy,Europe,Europe,1.0,1.0,0.0,0.0,0.0,Electricity generation,Aggregate fuel,Wind and Solar,%,4.73,,
85725,Czechia,CZE,2023,Country or economy,Europe,Europe,1.0,1.0,0.0,0.0,0.0,Electricity generation,Aggregate fuel,Clean,TWh,41.55,-0.24,-0.57
85726,Czechia,CZE,2023,Country or economy,Europe,Europe,1.0,1.0,0.0,0.0,0.0,Electricity generation,Aggregate fuel,Fossil,TWh,34.25,-7.69,-18.34
85727,Czechia,CZE,2023,Country or economy,Europe,Europe,1.0,1.0,0.0,0.0,0.0,Electricity generation,Aggregate fuel,Gas and Other Fossil,TWh,4.31,-0.75,-14.82
85728,Czechia,CZE,2023,Country or economy,Europe,Europe,1.0,1.0,0.0,0.0,0.0,Electricity generation,Aggregate fuel,"Hydro, Bioenergy and Other Renewables",TWh,7.55,0.05,0.67
85729,Czechia,CZE,2023,Country or economy,Europe,Europe,1.0,1.0,0.0,0.0,0.0,Electricity generation,Aggregate fuel,Renewables,TWh,11.14,0.37,3.44
85730,Czechia,CZE,2023,Country or economy,Europe,Europe,1.0,1.0,0.0,0.0,0.0,Electricity generation,Aggregate fuel,Wind and Solar,TWh,3.59,0.32,9.79
85731,Czechia,CZE,2023,Country or economy,Europe,Europe,1.0,1.0,0.0,0.0,0.0,Electricity generation,Fuel,Bioenergy,%,6.85,,
85732,Czechia,CZE,2023,Country or economy,Europe,Europe,1.0,1.0,0.0,0.0,0.0,Electricity generation,Fuel,Coal,%,39.5,,
85733,Czechia,CZE,2023,Country or economy,Europe,Europe,1.0,1.0,0.0,0.0,0.0,Electricity generation,Fuel,Gas,%,4.85,,
85734,Czechia,CZE,2023,Country or economy,Europe,Europe,1.0,1.0,0.0,0.0,0.0,Electricity generation,Fuel,Hydro,%,3.11,,
85735,Czechia,CZE,2023,Country or economy,Europe,Europe,1.0,1.0,0.0,0.0,0.0,Electricity generation,Fuel,Nuclear,%,40.12,,
85736,Czechia,CZE,2023,Country or economy,Europe,Europe,1.0,1.0,0.0,0.0,0.0,Electricity generation,Fuel,Other Fossil,%,0.83,,
85737,Czechia,CZE,2023,Country or economy,Europe,Europe,1.0,1.0,0.0,0.0,0.0,Electricity generation,Fuel,Other Renewables,%,0.0,,
85738,Czechia,CZE,2023,Country or economy,Europe,Europe,1.0,1.0,0.0,0.0,0.0,Electricity generation,Fuel,Solar,%,3.81,,
85739,Czechia,CZE,2023,Country or economy,Europe,Europe,1.0,1.0,0.0,0.0,0.0,Electricity generation,Fuel,Wind,%,0.92,,
85740,Czechia,CZE,2023,Country or economy,Europe,Europe,1.0,1.0,0.0,0.0,0.0,Electricity generation,Fuel,Bioenergy,TWh,5.19,-0.22,-4.07
85741,Czechia,CZE,2023,Country or economy,Europe,Europe,1.0,1.0,0.0,0.0,0.0,Electricity generation,Fuel,Coal,TWh,29.94,-6.94,-18.82
85742,Czechia,CZE,2023,Country or economy,Europe,Europe,1.0,1.0,0.0,0.0,0.0,Electricity generation,Fuel,Gas,TWh,3.68,-0.65,-15.01
85743,Czechia,CZE,2023,Country or economy,Europe,Europe,1.0,1.0,0.0,0.0,0.0,Electricity generation,Fuel,Hydro,TWh,2.36,0.27,12.92
85744,Czechia,CZE,2023,Country or economy,Europe,Europe,1.0,1.0,0.0,0.0,0.0,Electricity generation,Fuel,Nuclear,TWh,30.41,-0.61,-1.97
85745,Czechia,CZE,2023,Country or economy,Europe,Europe,1.0,1.0,0.0,0.0,0.0,Electricity generation,Fuel,Other Fossil,TWh,0.63,-0.1,-13.7
85746,Czechia,CZE,2023,Country or economy,Europe,Europe,1.0,1.0,0.0,0.0,0.0,Electricity generation,Fuel,Other Renewables,TWh,0.0,0.0,
85747,Czechia,CZE,2023,Country or economy,Europe,Europe,1.0,1.0,0.0,0.0,0.0,Electricity generation,Fuel,Solar,TWh,2.89,0.26,9.89
85748,Czechia,CZE,2023,Country or economy,Europe,Europe,1.0,1.0,0.0,0.0,0.0,Electricity generation,Fuel,Wind,TWh,0.7,0.06,9.38
85749,Czechia,CZE,2023,Country or economy,Europe,Europe,1.0,1.0,0.0,0.0,0.0,Electricity generation,Total,Total Generation,TWh,75.8,-7.93,-9.47
85750,Czechia,CZE,2023,Country or economy,Europe,Europe,1.0,1.0,0.0,0.0,0.0,Electricity imports,Electricity imports,Net Imports,TWh,-9.18,4.35,
85751,Czechia,CZE,2023,Country or economy,Europe,Europe,1.0,1.0,0.0,0.0,0.0,Power sector emissions,Aggregate fuel,Clean,mtCO2,1.48,-0.02,-1.33
85752,Czechia,CZE,2023,Country or economy,Europe,Europe,1.0,1.0,0.0,0.0,0.0,Power sector emissions,Aggregate fuel,Fossil,mtCO2,32.07,-7.32,-18.58
85753,Czechia,CZE,2023,Country or economy,Europe,Europe,1.0,1.0,0.0,0.0,0.0,Power sector emissions,Aggregate fuel,Gas and Other Fossil,mtCO2,1.97,-0.35,-15.09
85754,Czechia,CZE,2023,Country or economy,Europe,Europe,1.0,1.0,0.0,0.0,0.0,Power sector emissions,Aggregate fuel,"Hydro, Bioenergy and Other Renewables",mtCO2,1.18,-0.04,-3.28
85755,Czechia,CZE,2023,Country or economy,Europe,Europe,1.0,1.0,0.0,0.0,0.0,Power sector emissions,Aggregate fuel,Renewables,mtCO2,1.33,-0.02,-1.48
85756,Czechia,CZE,2023,Country or economy,Europe,Europe,1.0,1.0,0.0,0.0,0.0,Power sector emissions,Aggregate fuel,Wind and Solar,mtCO2,0.15,0.02,15.38
85757,Czechia,CZE,2023,Country or economy,Europe,Europe,1.0,1.0,0.0,0.0,0.0,Power sector emissions,CO2 intensity,CO2 intensity,gCO2/kWh,442.61,-45.75,-9.37
85758,Czechia,CZE,2023,Country or economy,Europe,Europe,1.0,1.0,0.0,0.0,0.0,Power sector emissions,Fuel,Bioenergy,mtCO2,1.12,-0.05,-4.27
85759,Czechia,CZE,2023,Country or economy,Europe,Europe,1.0,1.0,0.0,0.0,0.0,Power sector emissions,Fuel,Coal,mtCO2,30.1,-6.97,-18.8
85760,Czechia,CZE,2023,Country or economy,Europe,Europe,1.0,1.0,0.0,0.0,0.0,Power sector emissions,Fuel,Gas,mtCO2,1.56,-0.28,-15.22
85761,Czechia,CZE,2023,Country or economy,Europe,Europe,1.0,1.0,0.0,0.0,0.0,Power sector emissions,Fuel,Hydro,mtCO2,0.06,0.01,20.0
85762,Czechia,CZE,2023,Country or economy,Europe,Europe,1.0,1.0,0.0,0.0,0.0,Power sector emissions,Fuel,Nuclear,mtCO2,0.15,0.0,0.0
85763,Czechia,CZE,2023,Country or economy,Europe,Europe,1.0,1.0,0.0,0.0,0.0,Power sector emissions,Fuel,Other Fossil,mtCO2,0.41,-0.07,-14.58
85764,Czechia,CZE,2023,Country or economy,Europe,Europe,1.0,1.0,0.0,0.0,0.0,Power sector emissions,Fuel,Other Renewables,mtCO2,0.0,0.0,
85765,Czechia,CZE,2023,Country or economy,Europe,Europe,1.0,1.0,0.0,0.0,0.0,Power sector emissions,Fuel,Solar,mtCO2,0.14,0.02,16.67
85766,Czechia,CZE,2023,Country or economy,Europe,Europe,1.0,1.0,0.0,0.0,0.0,Power sector emissions,Fuel,Wind,mtCO2,0.01,0.0,0.0
85767,Czechia,CZE,2023,Country or economy,Europe,Europe,1.0,1.0,0.0,0.0,0.0,Power sector emissions,Total,Total emissions,mtCO2,33.55,-7.34,-17.95
85768,Czechia,CZE,2024,Country or economy,Europe,Europe,1.0,1.0,0.0,0.0,0.0,Capacity,Aggregate fuel,Clean,GW,10.61,0.8,8.15
85769,Czechia,CZE,2024,Country or economy,Europe,Europe,1.0,1.0,0.0,0.0,0.0,Capacity,Aggregate fuel,Fossil,GW,9.31,0.08,0.87
85770,Czechia,CZE,2024,Country or economy,Europe,Europe,1.0,1.0,0.0,0.0,0.0,Capacity,Aggregate fuel,Gas and Other Fossil,GW,1.85,0.08,4.52
85771,Czechia,CZE,2024,Country or economy,Europe,Europe,1.0,1.0,0.0,0.0,0.0,Capacity,Aggregate fuel,"Hydro, Bioenergy and Other Renewables",GW,1.98,0.04,2.06
85772,Czechia,CZE,2024,Country or economy,Europe,Europe,1.0,1.0,0.0,0.0,0.0,Capacity,Aggregate fuel,Renewables,GW,6.32,0.8,14.49
85773,Czechia,CZE,2024,Country or economy,Europe,Europe,1.0,1.0,0.0,0.0,0.0,Capacity,Aggregate fuel,Wind and Solar,GW,4.34,0.76,21.23
85774,Czechia,CZE,2024,Country or economy,Europe,Europe,1.0,1.0,0.0,0.0,0.0,Capacity,Fuel,Bioenergy,GW,0.83,0.04,5.06
85775,Czechia,CZE,2024,Country or economy,Europe,Europe,1.0,1.0,0.0,0.0,0.0,Capacity,Fuel,Coal,GW,7.46,0.0,0.0
85776,Czechia,CZE,2024,Country or economy,Europe,Europe,1.0,1.0,0.0,0.0,0.0,Capacity,Fuel,Gas,GW,1.77,0.05,2.91
85777,Czechia,CZE,2024,Country or economy,Europe,Europe,1.0,1.0,0.0,0.0,0.0,Capacity,Fuel,Hydro,GW,1.12,0.0,0.0
85778,Czechia,CZE,2024,Country or economy,Europe,Europe,1.0,1.0,0.0,0.0,0.0,Capacity,Fuel,Nuclear,GW,4.29,0.0,0.0
85779,Czechia,CZE,2024,Country or economy,Europe,Europe,1.0,1.0,0.0,0.0,0.0,Capacity,Fuel,Other Fossil,GW,0.08,0.03,60.0
85780,Czechia,CZE,2024,Country or economy,Europe,Europe,1.0,1.0,0.0,0.0,0.0,Capacity,Fuel,Other Renewables,GW,0.03,0.0,0.0
85781,Czechia,CZE,2024,Country or economy,Europe,Europe,1.0,1.0,0.0,0.0,0.0,Capacity,Fuel,Solar,GW,3.98,0.74,22.84
85782,Czechia,CZE,2024,Country or economy,Europe,Europe,1.0,1.0,0.0,0.0,0.0,Capacity,Fuel,Wind,GW,0.36,0.02,5.88
85783,Czechia,CZE,2024,Country or economy,Europe,Europe,1.0,1.0,0.0,0.0,0.0,Electricity demand,Demand,Demand,TWh,66.15,-0.47,-0.71
85784,Czechia,CZE,2024,Country or economy,Europe,Europe,1.0,1.0,0.0,0.0,0.0,Electricity demand,Demand per capita,Demand per capita,MWh,6.16,0.0,0.0
85785,Czechia,CZE,2024,Country or economy,Europe,Europe,1.0,1.0,0.0,0.0,0.0,Electricity generation,Aggregate fuel,Clean,%,57.68,,
85786,Czechia,CZE,2024,Country or economy,Europe,Europe,1.0,1.0,0.0,0.0,0.0,Electricity generation,Aggregate fuel,Fossil,%,42.32,,
85787,Czechia,CZE,2024,Country or economy,Europe,Europe,1.0,1.0,0.0,0.0,0.0,Electricity generation,Aggregate fuel,Gas and Other Fossil,%,5.9,,
85788,Czechia,CZE,2024,Country or economy,Europe,Europe,1.0,1.0,0.0,0.0,0.0,Electricity generation,Aggregate fuel,"Hydro, Bioenergy and Other Renewables",%,11.04,,
85789,Czechia,CZE,2024,Country or economy,Europe,Europe,1.0,1.0,0.0,0.0,0.0,Electricity generation,Aggregate fuel,Renewables,%,16.89,,
85790,Czechia,CZE,2024,Country or economy,Europe,Europe,1.0,1.0,0.0,0.0,0.0,Electricity generation,Aggregate fuel,Wind and Solar,%,5.85,,
85791,Czechia,CZE,2024,Country or economy,Europe,Europe,1.0,1.0,0.0,0.0,0.0,Electricity generation,Aggregate fuel,Clean,TWh,42.0,0.45,1.08
85792,Czechia,CZE,2024,Country or economy,Europe,Europe,1.0,1.0,0.0,0.0,0.0,Electricity generation,Aggregate fuel,Fossil,TWh,30.81,-3.44,-10.04
85793,Czechia,CZE,2024,Country or economy,Europe,Europe,1.0,1.0,0.0,0.0,0.0,Electricity generation,Aggregate fuel,Gas and Other Fossil,TWh,4.29,-0.02,-0.46
85794,Czechia,CZE,2024,Country or economy,Europe,Europe,1.0,1.0,0.0,0.0,0.0,Electricity generation,Aggregate fuel,"Hydro, Bioenergy and Other Renewables",TWh,8.04,0.49,6.49
85795,Czechia,CZE,2024,Country or economy,Europe,Europe,1.0,1.0,0.0,0.0,0.0,Electricity generation,Aggregate fuel,Renewables,TWh,12.3,1.16,10.41
85796,Czechia,CZE,2024,Country or economy,Europe,Europe,1.0,1.0,0.0,0.0,0.0,Electricity generation,Aggregate fuel,Wind and Solar,TWh,4.26,0.67,18.66
85797,Czechia,CZE,2024,Country or economy,Europe,Europe,1.0,1.0,0.0,0.0,0.0,Electricity generation,Fuel,Bioenergy,%,7.39,,
85798,Czechia,CZE,2024,Country or economy,Europe,Europe,1.0,1.0,0.0,0.0,0.0,Electricity generation,Fuel,Coal,%,36.42,,
85799,Czechia,CZE,2024,Country or economy,Europe,Europe,1.0,1.0,0.0,0.0,0.0,Electricity generation,Fuel,Gas,%,5.21,,
85800,Czechia,CZE,2024,Country or economy,Europe,Europe,1.0,1.0,0.0,0.0,0.0,Electricity generation,Fuel,Hydro,%,3.65,,
85801,Czechia,CZE,2024,Country or economy,Europe,Europe,1.0,1.0,0.0,0.0,0.0,Electricity generation,Fuel,Nuclear,%,40.79,,
85802,Czechia,CZE,2024,Country or economy,Europe,Europe,1.0,1.0,0.0,0.0,0.0,Electricity generation,Fuel,Other Fossil,%,0.69,,
85803,Czechia,CZE,2024,Country or economy,Europe,Europe,1.0,1.0,0.0,0.0,0.0,Electricity generation,Fuel,Other Renewables,%,0.0,,
85804,Czechia,CZE,2024,Country or economy,Europe,Europe,1.0,1.0,0.0,0.0,0.0,Electricity generation,Fuel,Solar,%,4.93,,
85805,Czechia,CZE,2024,Country or economy,Europe,Europe,1.0,1.0,0.0,0.0,0.0,Electricity generation,Fuel,Wind,%,0.92,,
85806,Czechia,CZE,2024,Country or economy,Europe,Europe,1.0,1.0,0.0,0.0,0.0,Electricity generation,Fuel,Bioenergy,TWh,5.38,0.19,3.66
85807,Czechia,CZE,2024,Country or economy,Europe,Europe,1.0,1.0,0.0,0.0,0.0,Electricity generation,Fuel,Coal,TWh,26.52,-3.42,-11.42
85808,Czechia,CZE,2024,Country or economy,Europe,Europe,1.0,1.0,0.0,0.0,0.0,Electricity generation,Fuel,Gas,TWh,3.79,0.11,2.99
85809,Czechia,CZE,2024,Country or economy,Europe,Europe,1.0,1.0,0.0,0.0,0.0,Electricity generation,Fuel,Hydro,TWh,2.66,0.3,12.71
85810,Czechia,CZE,2024,Country or economy,Europe,Europe,1.0,1.0,0.0,0.0,0.0,Electricity generation,Fuel,Nuclear,TWh,29.7,-0.71,-2.33
85811,Czechia,CZE,2024,Country or economy,Europe,Europe,1.0,1.0,0.0,0.0,0.0,Electricity generation,Fuel,Other Fossil,TWh,0.5,-0.13,-20.63
85812,Czechia,CZE,2024,Country or economy,Europe,Europe,1.0,1.0,0.0,0.0,0.0,Electricity generation,Fuel,Other Renewables,TWh,0.0,0.0,
85813,Czechia,CZE,2024,Country or economy,Europe,Europe,1.0,1.0,0.0,0.0,0.0,Electricity generation,Fuel,Solar,TWh,3.59,0.7,24.22
85814,Czechia,CZE,2024,Country or economy,Europe,Europe,1.0,1.0,0.0,0.0,0.0,Electricity generation,Fuel,Wind,TWh,0.67,-0.03,-4.29
85815,Czechia,CZE,2024,Country or economy,Europe,Europe,1.0,1.0,0.0,0.0,0.0,Electricity generation,Total,Total Generation,TWh,72.81,-2.99,-3.94
85816,Czechia,CZE,2024,Country or economy,Europe,Europe,1.0,1.0,0.0,0.0,0.0,Electricity imports,Electricity imports,Net Imports,TWh,-6.66,2.52,
85817,Czechia,CZE,2024,Country or economy,Europe,Europe,1.0,1.0,0.0,0.0,0.0,Power sector emissions,Aggregate fuel,Clean,mtCO2,1.54,0.06,4.05
85818,Czechia,CZE,2024,Country or economy,Europe,Europe,1.0,1.0,0.0,0.0,0.0,Power sector emissions,Aggregate fuel,Fossil,mtCO2,28.62,-3.45,-10.76
85819,Czechia,CZE,2024,Country or economy,Europe,Europe,1.0,1.0,0.0,0.0,0.0,Power sector emissions,Aggregate fuel,Gas and Other Fossil,mtCO2,1.94,-0.03,-1.52
85820,Czechia,CZE,2024,Country or economy,Europe,Europe,1.0,1.0,0.0,0.0,0.0,Power sector emissions,Aggregate fuel,"Hydro, Bioenergy and Other Renewables",mtCO2,1.22,0.04,3.39
85821,Czechia,CZE,2024,Country or economy,Europe,Europe,1.0,1.0,0.0,0.0,0.0,Power sector emissions,Aggregate fuel,Renewables,mtCO2,1.4,0.07,5.26
85822,Czechia,CZE,2024,Country or economy,Europe,Europe,1.0,1.0,0.0,0.0,0.0,Power sector emissions,Aggregate fuel,Wind and Solar,mtCO2,0.18,0.03,20.0
85823,Czechia,CZE,2024,Country or economy,Europe,Europe,1.0,1.0,0.0,0.0,0.0,Power sector emissions,CO2 intensity,CO2 intensity,gCO2/kWh,414.23,-28.38,-6.41
85824,Czechia,CZE,2024,Country or economy,Europe,Europe,1.0,1.0,0.0,0.0,0.0,Power sector emissions,Fuel,Bioenergy,mtCO2,1.16,0.04,3.57
85825,Czechia,CZE,2024,Country or economy,Europe,Europe,1.0,1.0,0.0,0.0,0.0,Power sector emissions,Fuel,Coal,mtCO2,26.68,-3.42,-11.36
85826,Czechia,CZE,2024,Country or economy,Europe,Europe,1.0,1.0,0.0,0.0,0.0,Power sector emissions,Fuel,Gas,mtCO2,1.61,0.05,3.21
85827,Czechia,CZE,2024,Country or economy,Europe,Europe,1.0,1.0,0.0,0.0,0.0,Power sector emissions,Fuel,Hydro,mtCO2,0.06,0.0,0.0
85828,Czechia,CZE,2024,Country or economy,Europe,Europe,1.0,1.0,0.0,0.0,0.0,Power sector emissions,Fuel,Nuclear,mtCO2,0.14,-0.01,-6.67
85829,Czechia,CZE,2024,Country or economy,Europe,Europe,1.0,1.0,0.0,0.0,0.0,Power sector emissions,Fuel,Other Fossil,mtCO2,0.33,-0.08,-19.51
85830,Czechia,CZE,2024,Country or economy,Europe,Europe,1.0,1.0,0.0,0.0,0.0,Power sector emissions,Fuel,Other Renewables,mtCO2,0.0,0.0,
85831,Czechia,CZE,2024,Country or economy,Europe,Europe,1.0,1.0,0.0,0.0,0.0,Power sector emissions,Fuel,Solar,mtCO2,0.17,0.03,21.43
85832,Czechia,CZE,2024,Country or economy,Europe,Europe,1.0,1.0,0.0,0.0,0.0,Power sector emissions,Fuel,Wind,mtCO2,0.01,0.0,0.0
85833,Czechia,CZE,2024,Country or economy,Europe,Europe,1.0,1.0,0.0,0.0,0.0,Power sector emissions,Total,Total emissions,mtCO2,30.16,-3.39,-10.1
